Kind,Name,AvgCountLine,AvgCountLineBlank,AvgCountLineCode,AvgCountLineComment,AvgCyclomatic,CCViolDensityCode,CCViolDensityLine,CountCCViol,CountCCViolType,CountClassBase,CountClassCoupled,CountClassCoupledModified,CountClassDerived,CountDeclClass,CountDeclClassMethod,CountDeclClassVariable,CountDeclExecutableUnit,CountDeclFile,CountDeclFunction,CountDeclInstanceMethod,CountDeclInstanceVariable,CountDeclMethod,CountDeclMethodAll,CountDeclMethodDefault,CountDeclMethodPrivate,CountDeclMethodProtected,CountDeclMethodPublic,CountInput,CountLine,CountLineBlank,CountLineCode,CountLineCodeDecl,CountLineCodeExe,CountLineComment,CountOutput,CountSemicolon,CountStmt,CountStmtDecl,CountStmtExe,Cyclomatic,MaxCyclomatic,MaxInheritanceTree,MaxNesting,PercentLackOfCohesion,PercentLackOfCohesionModified,RatioCommentToCode,SumCyclomatic
Unknown Annotation,"AttributeOverride",,,,,,,,,,,,,,,,,,,,,,,,,,,,,,,,,,,,,,,,,,,,,,0.00,
File,"C:\Users\a_men\Downloads\Codigos\ddd-example-refatoracao\src\main\java\com\lprevidente\ddd_example\Application.java",3,0,3,0,1,0.00,0.00,0,0,,,,,1,1,0,1,,1,0,0,1,,0,0,0,1,,13,3,10,7,1,0,,5,7,6,1,,1,,0,,,0.00,1
File,"C:\Users\a_men\Downloads\Codigos\ddd-example-refatoracao\src\main\java\com\lprevidente\ddd_example\common\identifier\Identifier.java",0,0,0,0,0,0.00,0.00,0,0,,,,,1,0,0,0,,1,1,0,1,,1,0,0,0,,12,3,9,8,0,0,,5,6,6,0,,0,,0,,,0.00,0
File,"C:\Users\a_men\Downloads\Codigos\ddd-example-refatoracao\src\main\java\com\lprevidente\ddd_example\common\identifier\IdentifierConverterConfiguration.java",4,0,4,0,1,0.00,0.00,0,0,,,,,1,0,0,1,,1,1,0,1,,0,0,0,1,,14,3,11,8,1,0,,5,7,6,1,,1,,0,,,0.00,1
File,"C:\Users\a_men\Downloads\Codigos\ddd-example-refatoracao\src\main\java\com\lprevidente\ddd_example\common\identifier\IdentifierDeserializer.java",9,1,8,0,2,0.00,0.00,0,0,,,,,1,0,0,3,,3,3,1,3,,0,0,0,3,,46,8,38,21,13,0,,19,26,17,12,,4,,1,,,0.00,6
File,"C:\Users\a_men\Downloads\Codigos\ddd-example-refatoracao\src\main\java\com\lprevidente\ddd_example\common\identifier\IdentifierSerializer.java",13,2,11,0,2,0.00,0.00,0,0,,,,,1,0,0,1,,1,1,0,1,,0,0,0,1,,23,5,18,11,5,0,,9,12,8,5,,2,,1,,,0.00,2
File,"C:\Users\a_men\Downloads\Codigos\ddd-example-refatoracao\src\main\java\com\lprevidente\ddd_example\common\identifier\StringToIdentifierConverterFactory.java",6,0,6,0,2,0.00,0.00,0,0,,,,,2,0,0,3,,3,3,1,3,,0,0,0,3,,41,7,34,21,8,0,,15,22,15,8,,3,,1,,,0.00,5
File,"C:\Users\a_men\Downloads\Codigos\ddd-example-refatoracao\src\main\java\com\lprevidente\ddd_example\common\identifier\package-info.java",0,0,0,0,0,0.00,0.00,0,0,,,,,0,0,0,0,,0,0,0,0,,0,0,0,0,,4,1,3,3,0,0,,2,2,2,0,,0,,0,,,0.00,0
File,"C:\Users\a_men\Downloads\Codigos\ddd-example-refatoracao\src\main\java\com\lprevidente\ddd_example\config\SecurityConfig.java",5,0,4,1,1,0.00,0.00,0,0,,,,,1,0,0,4,,4,1,0,1,,0,0,0,1,,30,4,23,12,9,3,,9,11,9,2,,1,,0,,,0.13,4
File,"C:\Users\a_men\Downloads\Codigos\ddd-example-refatoracao\src\main\java\com\lprevidente\ddd_example\exception\DomainException.java",4,0,4,0,1,0.00,0.00,0,0,,,,,1,0,0,5,,5,5,3,5,,0,0,0,5,,38,8,29,12,11,1,,16,22,11,11,,1,,0,,,0.03,5
File,"C:\Users\a_men\Downloads\Codigos\ddd-example-refatoracao\src\main\java\com\lprevidente\ddd_example\exception\GlobalExceptionHandler.java",9,0,8,0,1,0.00,0.00,0,0,,,,,2,0,0,11,,10,9,2,9,,0,0,0,9,,115,15,97,50,48,3,,44,54,31,33,,2,,0,,,0.03,12
File,"C:\Users\a_men\Downloads\Codigos\ddd-example-refatoracao\src\main\java\com\lprevidente\ddd_example\pipeline\Command.java",17,3,12,2,4,0.00,0.00,0,0,,,,,2,0,0,1,,2,2,0,2,,2,0,0,0,,29,8,19,8,8,2,,7,14,8,7,,4,,2,,,0.11,4
File,"C:\Users\a_men\Downloads\Codigos\ddd-example-refatoracao\src\main\java\com\lprevidente\ddd_example\pipeline\CommandHandlerNotFoundException.java",8,0,8,0,1,0.00,0.00,0,0,,,,,1,0,0,1,,1,1,0,1,,0,0,0,1,,16,3,13,6,5,0,,4,6,5,1,,1,,0,,,0.00,1
File,"C:\Users\a_men\Downloads\Codigos\ddd-example-refatoracao\src\main\java\com\lprevidente\ddd_example\pipeline\CommandHandlers.java",0,0,0,0,0,0.00,0.00,0,0,,,,,1,0,0,0,,1,1,0,1,,1,0,0,0,,8,3,5,4,0,0,,3,4,4,0,,0,,0,,,0.00,0
File,"C:\Users\a_men\Downloads\Codigos\ddd-example-refatoracao\src\main\java\com\lprevidente\ddd_example\pipeline\Pipeline.java",0,0,0,0,0,0.00,0.00,0,0,,,,,1,0,0,0,,1,1,0,1,,1,0,0,0,,13,1,4,3,0,8,,2,3,3,0,,0,,0,,,2.00,0
File,"C:\Users\a_men\Downloads\Codigos\ddd-example-refatoracao\src\main\java\com\lprevidente\ddd_example\pipeline\PipelineConfiguration.java",4,0,4,0,1,0.00,0.00,0,0,,,,,1,0,0,1,,1,1,0,1,,1,0,0,0,,14,3,11,8,1,0,,5,7,6,1,,1,,0,,,0.00,1
File,"C:\Users\a_men\Downloads\Codigos\ddd-example-refatoracao\src\main\java\com\lprevidente\ddd_example\pipeline\PipelineImpl.java",9,1,8,0,2,0.00,0.00,0,0,,,,,1,0,0,2,,2,2,1,2,,0,0,0,2,,33,7,26,13,12,0,,14,18,11,9,,2,,1,,,0.00,3
File,"C:\Users\a_men\Downloads\Codigos\ddd-example-refatoracao\src\main\java\com\lprevidente\ddd_example\team\application\TeamMemberQueryService.java",14,2,10,3,1,0.00,0.00,0,0,,,,,1,0,0,2,,2,1,2,1,,0,0,0,1,,46,7,35,25,12,5,,21,23,21,6,,1,,0,,,0.14,2
File,"C:\Users\a_men\Downloads\Codigos\ddd-example-refatoracao\src\main\java\com\lprevidente\ddd_example\team\application\TeamQueryService.java",3,0,3,0,1,0.00,0.00,0,0,,,,,1,0,0,1,,1,1,1,1,,0,0,0,1,,17,3,14,11,1,0,,8,10,9,1,,1,,0,,,0.00,1
File,"C:\Users\a_men\Downloads\Codigos\ddd-example-refatoracao\src\main\java\com\lprevidente\ddd_example\team\application\command\AddUserToTeam.java",0,0,0,0,1,0.00,0.00,0,0,,,,,1,0,0,1,,0,1,2,1,,0,0,0,1,,7,2,5,5,0,0,,4,5,5,0,,1,,0,,,0.00,1
File,"C:\Users\a_men\Downloads\Codigos\ddd-example-refatoracao\src\main\java\com\lprevidente\ddd_example\team\application\command\CreateTeam.java",0,0,0,0,1,0.00,0.00,0,0,,,,,1,0,0,1,,0,1,1,1,,0,0,0,1,,7,2,5,5,0,0,,4,5,5,0,,1,,0,,,0.00,1
File,"C:\Users\a_men\Downloads\Codigos\ddd-example-refatoracao\src\main\java\com\lprevidente\ddd_example\team\application\command\DeleteTeam.java",0,0,0,0,1,0.00,0.00,0,0,,,,,1,0,0,1,,0,1,1,1,,0,0,0,1,,7,2,5,5,0,0,,4,5,5,0,,1,,0,,,0.00,1
File,"C:\Users\a_men\Downloads\Codigos\ddd-example-refatoracao\src\main\java\com\lprevidente\ddd_example\team\application\command\RemoveUserFromTeam.java",0,0,0,0,1,0.00,0.00,0,0,,,,,1,0,0,1,,0,1,2,1,,0,0,0,1,,9,2,7,7,0,0,,5,6,6,0,,1,,0,,,0.00,1
File,"C:\Users\a_men\Downloads\Codigos\ddd-example-refatoracao\src\main\java\com\lprevidente\ddd_example\team\application\dto\MemberDto.java",0,0,0,0,0,0.00,0.00,0,0,,,,,1,0,0,0,,2,2,0,2,,2,0,0,0,,10,4,6,5,0,0,,4,5,5,0,,0,,0,,,0.00,0
File,"C:\Users\a_men\Downloads\Codigos\ddd-example-refatoracao\src\main\java\com\lprevidente\ddd_example\team\application\dto\TeamInfoDto.java",0,0,0,0,0,0.00,0.00,0,0,,,,,1,0,0,0,,2,2,0,2,,2,0,0,0,,10,4,6,5,0,0,,4,5,5,0,,0,,0,,,0.00,0
File,"C:\Users\a_men\Downloads\Codigos\ddd-example-refatoracao\src\main\java\com\lprevidente\ddd_example\team\application\dto\TeamMemberDto.java",0,0,0,0,0,0.00,0.00,0,0,,,,,1,0,0,0,,1,1,0,1,,1,0,0,0,,8,3,5,4,0,0,,3,4,4,0,,0,,0,,,0.00,0
File,"C:\Users\a_men\Downloads\Codigos\ddd-example-refatoracao\src\main\java\com\lprevidente\ddd_example\team\application\handler\AddUserToTeamHandler.java",19,4,12,3,1,0.00,0.00,0,0,,,,,1,0,0,1,,1,1,3,1,,0,0,0,1,,38,8,27,19,9,3,,19,21,16,8,,1,,0,,,0.11,1
File,"C:\Users\a_men\Downloads\Codigos\ddd-example-refatoracao\src\main\java\com\lprevidente\ddd_example\team\application\handler\CreateTeamHandler.java",6,0,6,0,1,0.00,0.00,0,0,,,,,1,0,0,1,,1,1,1,1,,0,0,0,1,,22,3,19,15,3,0,,12,14,12,3,,1,,0,,,0.00,1
File,"C:\Users\a_men\Downloads\Codigos\ddd-example-refatoracao\src\main\java\com\lprevidente\ddd_example\team\application\handler\DeleteTeamHandler.java",5,0,5,1,1,0.00,0.00,0,0,,,,,1,0,0,2,,2,1,1,1,,0,0,0,1,,24,3,21,15,5,1,,11,13,11,3,,1,,0,,,0.05,2
File,"C:\Users\a_men\Downloads\Codigos\ddd-example-refatoracao\src\main\java\com\lprevidente\ddd_example\team\application\handler\RemoveUserFromTeamHandler.java",6,0,6,0,1,0.00,0.00,0,0,,,,,1,0,0,2,,2,1,1,1,,0,0,0,1,,25,3,22,16,6,0,,12,14,12,4,,1,,0,,,0.00,2
File,"C:\Users\a_men\Downloads\Codigos\ddd-example-refatoracao\src\main\java\com\lprevidente\ddd_example\team\domain\Team.java",4,0,3,1,1,0.00,0.00,0,0,,,,,1,1,0,7,,7,6,3,7,,0,1,1,5,,59,10,43,27,11,7,,20,29,19,12,,2,,1,,,0.16,8
File,"C:\Users\a_men\Downloads\Codigos\ddd-example-refatoracao\src\main\java\com\lprevidente\ddd_example\team\domain\TeamId.java",3,0,3,0,1,0.00,0.00,0,0,,,,,1,0,0,2,,2,2,1,2,,0,0,0,2,,17,4,13,8,2,0,,7,10,8,2,,1,,0,,,0.00,2
File,"C:\Users\a_men\Downloads\Codigos\ddd-example-refatoracao\src\main\java\com\lprevidente\ddd_example\team\domain\TeamMember.java",3,0,3,0,1,0.00,0.00,0,0,,,,,1,1,0,7,,7,6,2,7,,0,2,0,5,,52,10,37,26,10,8,,19,27,18,10,,1,,0,,,0.22,7
File,"C:\Users\a_men\Downloads\Codigos\ddd-example-refatoracao\src\main\java\com\lprevidente\ddd_example\team\domain\TeamMemberId.java",5,0,5,0,2,0.00,0.00,0,0,,,,,1,0,0,3,,3,3,2,3,,0,0,0,3,,43,7,35,25,7,1,,18,24,16,8,,3,,1,,,0.03,5
File,"C:\Users\a_men\Downloads\Codigos\ddd-example-refatoracao\src\main\java\com\lprevidente\ddd_example\team\domain\TeamMembers.java",0,0,0,0,0,0.00,0.00,0,0,,,,,1,0,0,0,,1,1,0,1,,1,0,0,0,,13,3,10,9,0,0,,6,7,7,0,,0,,0,,,0.00,0
File,"C:\Users\a_men\Downloads\Codigos\ddd-example-refatoracao\src\main\java\com\lprevidente\ddd_example\team\domain\Teams.java",0,0,0,0,0,0.00,0.00,0,0,,,,,1,0,0,0,,1,1,0,1,,1,0,0,0,,12,2,10,9,0,0,,6,7,7,0,,0,,0,,,0.00,0
File,"C:\Users\a_men\Downloads\Codigos\ddd-example-refatoracao\src\main\java\com\lprevidente\ddd_example\team\domain\UserId.java",3,0,3,0,1,0.00,0.00,0,0,,,,,1,0,0,1,,1,1,1,1,,0,0,0,1,,13,3,10,7,1,0,,6,8,7,1,,1,,0,,,0.00,1
File,"C:\Users\a_men\Downloads\Codigos\ddd-example-refatoracao\src\main\java\com\lprevidente\ddd_example\team\domain\event\TeamCreated.java",0,0,0,0,1,0.00,0.00,0,0,,,,,1,0,0,1,,0,1,1,1,,0,0,0,1,,5,2,3,3,0,0,,2,3,3,0,,1,,0,,,0.00,1
File,"C:\Users\a_men\Downloads\Codigos\ddd-example-refatoracao\src\main\java\com\lprevidente\ddd_example\team\domain\exception\TeamMemberNotFoundException.java",5,0,5,0,1,0.00,0.00,0,0,,,,,1,1,0,2,,2,1,0,2,,0,1,0,1,,23,5,16,7,6,2,,6,9,7,2,,1,,0,,,0.13,2
File,"C:\Users\a_men\Downloads\Codigos\ddd-example-refatoracao\src\main\java\com\lprevidente\ddd_example\team\domain\exception\TeamNotFoundException.java",7,0,7,0,1,0.00,0.00,0,0,,,,,1,0,0,1,,1,1,0,1,,0,0,0,1,,17,3,13,6,5,1,,5,7,6,1,,1,,0,,,0.08,1
File,"C:\Users\a_men\Downloads\Codigos\ddd-example-refatoracao\src\main\java\com\lprevidente\ddd_example\team\infrastructure\TeamController.java",5,0,5,0,1,0.00,0.00,0,0,,,,,1,0,0,3,,3,3,2,3,,0,0,0,3,,39,6,33,26,3,0,,17,21,18,3,,1,,0,,,0.00,3
File,"C:\Users\a_men\Downloads\Codigos\ddd-example-refatoracao\src\main\java\com\lprevidente\ddd_example\team\infrastructure\TeamMemberController.java",5,0,5,0,1,0.00,0.00,0,0,,,,,1,0,0,3,,3,3,2,3,,0,0,0,3,,40,6,34,27,3,0,,18,22,19,3,,1,,0,,,0.00,3
File,"C:\Users\a_men\Downloads\Codigos\ddd-example-refatoracao\src\main\java\com\lprevidente\ddd_example\user\api\UserApi.java",0,0,0,0,0,0.00,0.00,0,0,,,,,1,0,0,0,,3,3,0,3,,3,0,0,0,,15,5,10,9,0,0,,8,9,9,0,,0,,0,,,0.00,0
File,"C:\Users\a_men\Downloads\Codigos\ddd-example-refatoracao\src\main\java\com\lprevidente\ddd_example\user\api\UserApiImpl.java",4,0,4,0,1,0.00,0.00,0,0,,,,,1,0,0,4,,4,3,1,3,,0,0,0,3,,33,5,28,20,4,0,,14,18,15,3,,1,,0,,,0.00,4
File,"C:\Users\a_men\Downloads\Codigos\ddd-example-refatoracao\src\main\java\com\lprevidente\ddd_example\user\api\UserIdDto.java",0,0,0,0,0,0.00,0.00,0,0,,,,,1,0,0,0,,1,1,0,1,,1,0,0,0,,8,3,5,4,0,0,,3,4,4,0,,0,,0,,,0.00,0
File,"C:\Users\a_men\Downloads\Codigos\ddd-example-refatoracao\src\main\java\com\lprevidente\ddd_example\user\api\package-info.java",0,0,0,0,0,0.00,0.00,0,0,,,,,0,0,0,0,,0,0,0,0,,0,0,0,0,,4,1,3,3,0,0,,2,2,2,0,,0,,0,,,0.00,0
File,"C:\Users\a_men\Downloads\Codigos\ddd-example-refatoracao\src\main\java\com\lprevidente\ddd_example\user\application\UserQueryService.java",3,0,3,0,1,0.00,0.00,0,0,,,,,1,0,0,3,,3,2,1,2,,0,0,0,2,,25,4,21,14,4,0,,11,14,12,2,,1,,0,,,0.00,3
File,"C:\Users\a_men\Downloads\Codigos\ddd-example-refatoracao\src\main\java\com\lprevidente\ddd_example\user\application\command\AddUser.java",0,0,0,0,1,0.00,0.00,0,0,,,,,1,0,0,1,,0,1,4,1,,0,0,0,1,,12,2,10,10,0,1,,4,5,5,0,,1,,0,,,0.10,1
File,"C:\Users\a_men\Downloads\Codigos\ddd-example-refatoracao\src\main\java\com\lprevidente\ddd_example\user\application\command\DeleteUser.java",0,0,0,0,1,0.00,0.00,0,0,,,,,1,0,0,1,,0,1,1,1,,0,0,0,1,,7,2,5,5,0,0,,4,5,5,0,,1,,0,,,0.00,1
File,"C:\Users\a_men\Downloads\Codigos\ddd-example-refatoracao\src\main\java\com\lprevidente\ddd_example\user\application\command\UpdateUser.java",0,0,0,0,1,0.00,0.00,0,0,,,,,1,0,0,1,,0,1,3,1,,0,0,0,1,,12,2,10,10,0,1,,5,6,6,0,,1,,0,,,0.10,1
File,"C:\Users\a_men\Downloads\Codigos\ddd-example-refatoracao\src\main\java\com\lprevidente\ddd_example\user\application\dto\UserInfoDto.java",0,0,0,0,0,0.00,0.00,0,0,,,,,1,0,0,0,,3,3,0,3,,3,0,0,0,,11,4,7,6,0,0,,5,6,6,0,,0,,0,,,0.00,0
File,"C:\Users\a_men\Downloads\Codigos\ddd-example-refatoracao\src\main\java\com\lprevidente\ddd_example\user\application\handler\AddUserHandler.java",18,4,11,4,2,0.00,0.00,0,0,,,,,1,0,0,1,,1,1,1,1,,0,0,0,1,,34,8,23,16,7,4,,14,17,13,7,,2,,1,,,0.17,2
File,"C:\Users\a_men\Downloads\Codigos\ddd-example-refatoracao\src\main\java\com\lprevidente\ddd_example\user\application\handler\DeleteUserHandler.java",5,0,5,1,1,0.00,0.00,0,0,,,,,1,0,0,2,,2,1,1,1,,0,0,0,1,,25,4,21,15,5,1,,11,13,11,3,,1,,0,,,0.05,2
File,"C:\Users\a_men\Downloads\Codigos\ddd-example-refatoracao\src\main\java\com\lprevidente\ddd_example\user\application\handler\UpdateUserHandler.java",5,0,5,1,1,0.00,0.00,0,0,,,,,1,0,0,2,,2,1,1,1,,0,0,0,1,,26,4,22,16,5,1,,12,14,12,3,,1,,0,,,0.05,2
File,"C:\Users\a_men\Downloads\Codigos\ddd-example-refatoracao\src\main\java\com\lprevidente\ddd_example\user\domain\Email.java",4,0,4,0,1,0.00,0.00,0,0,,,,,1,0,0,2,,2,2,1,2,,0,0,0,2,,16,4,12,6,3,0,,5,8,5,3,,1,,0,,,0.00,2
File,"C:\Users\a_men\Downloads\Codigos\ddd-example-refatoracao\src\main\java\com\lprevidente\ddd_example\user\domain\Password.java",4,0,4,0,1,0.00,0.00,0,0,,,,,1,4,5,9,,9,5,1,9,,1,3,1,4,,76,14,49,25,24,16,,25,35,22,17,,1,,0,,,0.33,9
File,"C:\Users\a_men\Downloads\Codigos\ddd-example-refatoracao\src\main\java\com\lprevidente\ddd_example\user\domain\User.java",5,1,4,0,1,0.00,0.00,0,0,,,,,1,1,0,6,,6,5,5,6,,0,2,0,4,,78,17,52,34,14,11,,25,32,19,14,,1,,0,,,0.21,6
File,"C:\Users\a_men\Downloads\Codigos\ddd-example-refatoracao\src\main\java\com\lprevidente\ddd_example\user\domain\UserId.java",3,0,3,0,1,0.00,0.00,0,0,,,,,1,0,0,2,,2,2,1,2,,0,0,0,2,,17,4,13,8,2,0,,7,10,8,2,,1,,0,,,0.00,2
File,"C:\Users\a_men\Downloads\Codigos\ddd-example-refatoracao\src\main\java\com\lprevidente\ddd_example\user\domain\Users.java",0,0,0,0,0,0.00,0.00,0,0,,,,,1,0,0,0,,4,4,0,4,,4,0,0,0,,21,6,15,14,0,0,,11,12,12,0,,0,,0,,,0.00,0
File,"C:\Users\a_men\Downloads\Codigos\ddd-example-refatoracao\src\main\java\com\lprevidente\ddd_example\user\domain\exception\EmailAlreadyInUseException.java",5,0,5,0,1,0.00,0.00,0,0,,,,,1,0,0,2,,2,2,0,2,,0,0,0,2,,23,4,16,7,6,3,,6,9,7,2,,1,,0,,,0.19,2
File,"C:\Users\a_men\Downloads\Codigos\ddd-example-refatoracao\src\main\java\com\lprevidente\ddd_example\user\domain\exception\UserNotFoundException.java",7,0,7,0,1,0.00,0.00,0,0,,,,,1,0,0,1,,1,1,0,1,,0,0,0,1,,17,3,13,6,5,1,,5,7,6,1,,1,,0,,,0.08,1
File,"C:\Users\a_men\Downloads\Codigos\ddd-example-refatoracao\src\main\java\com\lprevidente\ddd_example\user\infrastructure\rest\UserController.java",5,0,5,0,1,0.00,0.00,0,0,,,,,1,0,0,5,,5,5,2,5,,0,0,0,5,,50,7,43,32,5,0,,20,26,21,5,,1,,0,,,0.00,5
File,"C:\Users\a_men\Downloads\Codigos\ddd-example-refatoracao\src\test\TeamNameTest.java",5,0,5,0,1,0.00,0.00,0,0,,,,,1,0,0,5,,5,3,0,3,,3,0,0,0,,36,8,28,14,14,0,,13,17,11,10,,1,,0,,,0.00,5
File,"C:\Users\a_men\Downloads\Codigos\ddd-example-refatoracao\src\test\TeamTest.java",7,1,6,0,1,0.00,0.00,0,0,,,,,1,0,0,6,,6,5,0,5,,5,0,0,0,,52,10,41,22,20,1,,24,30,17,20,,1,,0,,,0.02,6
File,"C:\Users\a_men\Downloads\Codigos\ddd-example-refatoracao\src\test\java\com\lprevidente\ddd_example\VeryModulithTest.java",6,0,6,0,1,0.00,0.00,0,0,,,,,1,0,0,1,,1,1,0,1,,1,0,0,0,,16,3,13,9,3,0,,7,9,7,3,,1,,0,,,0.00,1
File,"C:\Users\a_men\Downloads\Codigos\ddd-example-refatoracao\src\test\java\com\lprevidente\ddd_example\team\TeamIntegrationTest.java",12,1,11,1,1,0.00,0.00,0,0,,,,,4,0,2,7,,7,7,2,7,,7,0,0,0,,139,20,114,59,49,5,,32,43,34,13,,1,,0,,,0.04,7
File,"C:\Users\a_men\Downloads\Codigos\ddd-example-refatoracao\src\test\java\com\lprevidente\ddd_example\team\TeamMemberIntegrationTest.java",12,1,11,0,1,0.00,0.00,0,0,,,,,4,0,6,14,,14,14,2,14,,14,0,0,0,,233,30,201,93,102,2,,46,64,48,26,,1,,0,,,0.01,14
File,"C:\Users\a_men\Downloads\Codigos\ddd-example-refatoracao\src\test\java\com\lprevidente\ddd_example\user\UserIntegrationTest.java",12,1,10,1,1,0.00,0.00,0,0,,,,,6,0,4,21,,21,21,2,21,,21,0,0,0,,329,48,267,122,134,14,,60,87,63,39,,1,,0,,,0.05,21
Unknown Annotation,"Column",,,,,,,,,,,,,,,,,,,,,,,,,,,,,,,,,,,,,,,,,,,,,,0.00,
Unknown Annotation,"DeleteMapping",,,,,,,,,,,,,,,,,,,,,,,,,,,,,,,,,,,,,,,,,,,,,,0.00,
Unknown Annotation,"Embedded",,,,,,,,,,,,,,,,,,,,,,,,,,,,,,,,,,,,,,,,,,,,,,0.00,
Unknown Annotation,"EmbeddedId",,,,,,,,,,,,,,,,,,,,,,,,,,,,,,,,,,,,,,,,,,,,,,0.00,
Unknown Annotation,"Entity",,,,,,,,,,,,,,,,,,,,,,,,,,,,,,,,,,,,,,,,,,,,,,0.00,
Unknown Annotation,"GetMapping",,,,,,,,,,,,,,,,,,,,,,,,,,,,,,,,,,,,,,,,,,,,,,0.00,
Unknown Annotation,"Override",,,,,,,,,,,,,,,,,,,,,,,,,,,,,,,,,,,,,,,,,,,,,,0.00,
Unknown Annotation,"PathVariable",,,,,,,,,,,,,,,,,,,,,,,,,,,,,,,,,,,,,,,,,,,,,,0.00,
Unknown Annotation,"PostMapping",,,,,,,,,,,,,,,,,,,,,,,,,,,,,,,,,,,,,,,,,,,,,,0.00,
Unknown Annotation,"PutMapping",,,,,,,,,,,,,,,,,,,,,,,,,,,,,,,,,,,,,,,,,,,,,,0.00,
Unknown Annotation,"RequestBody",,,,,,,,,,,,,,,,,,,,,,,,,,,,,,,,,,,,,,,,,,,,,,0.00,
Unknown Annotation,"RequestMapping",,,,,,,,,,,,,,,,,,,,,,,,,,,,,,,,,,,,,,,,,,,,,,0.00,
Unknown Annotation,"ResponseStatus",,,,,,,,,,,,,,,,,,,,,,,,,,,,,,,,,,,,,,,,,,,,,,0.00,
Unknown Annotation,"RestController",,,,,,,,,,,,,,,,,,,,,,,,,,,,,,,,,,,,,,,,,,,,,,0.00,
Unknown Annotation,"SuppressWarnings",,,,,,,,,,,,,,,,,,,,,,,,,,,,,,,,,,,,,,,,,,,,,,0.00,
Unknown Annotation,"Table",,,,,,,,,,,,,,,,,,,,,,,,,,,,,,,,,,,,,,,,,,,,,,0.00,
Unknown Method,"access",,,,,,0.00,0.00,0,0,,,,,,,,,,,,,,,,,,,,,,,,,,,,,,,,,,,,,,
Unknown Method,"addConverterFactory",,,,,,0.00,0.00,0,0,,,,,,,,,,,,,,,,,,,,,,,,,,,,,,,,,,,,,,
Unknown Method,"andExpect",,,,,,0.00,0.00,0,0,,,,,,,,,,,,,,,,,,,,,,,,,,,,,,,,,,,,,,
Unknown Method,"anyRequest",,,,,,0.00,0.00,0,0,,,,,,,,,,,,,,,,,,,,,,,,,,,,,,,,,,,,,,
Unknown Method,"assertEquals",,,,,,0.00,0.00,0,0,,,,,,,,,,,,,,,,,,,,,,,,,,,,,,,,,,,,,,
Unknown Method,"assertFalse",,,,,,0.00,0.00,0,0,,,,,,,,,,,,,,,,,,,,,,,,,,,,,,,,,,,,,,
Unknown Method,"assertNotNull",,,,,,0.00,0.00,0,0,,,,,,,,,,,,,,,,,,,,,,,,,,,,,,,,,,,,,,
Unknown Method,"assertThat",,,,,,0.00,0.00,0,0,,,,,,,,,,,,,,,,,,,,,,,,,,,,,,,,,,,,,,
Unknown Method,"assertThatThrownBy",,,,,,0.00,0.00,0,0,,,,,,,,,,,,,,,,,,,,,,,,,,,,,,,,,,,,,,
Unknown Method,"assertThrows",,,,,,0.00,0.00,0,0,,,,,,,,,,,,,,,,,,,,,,,,,,,,,,,,,,,,,,
Unknown Method,"assertTrue",,,,,,0.00,0.00,0,0,,,,,,,,,,,,,,,,,,,,,,,,,,,,,,,,,,,,,,
Unknown Method,"authorizeHttpRequests",,,,,,0.00,0.00,0,0,,,,,,,,,,,,,,,,,,,,,,,,,,,,,,,,,,,,,,
Unknown Method,"between",,,,,,0.00,0.00,0,0,,,,,,,,,,,,,,,,,,,,,,,,,,,,,,,,,,,,,,
Unknown Method,"build",,,,,,0.00,0.00,0,0,,,,,,,,,,,,,,,,,,,,,,,,,,,,,,,,,,,,,,
Unknown Method,"checkpw",,,,,,0.00,0.00,0,0,,,,,,,,,,,,,,,,,,,,,,,,,,,,,,,,,,,,,,
Unknown Method,"collect",,,,,,0.00,0.00,0,0,,,,,,,,,,,,,,,,,,,,,,,,,,,,,,,,,,,,,,
Unknown Method,"column",,,,,,0.00,0.00,0,0,,,,,,,,,,,,,,,,,,,,,,,,,,,,,,,,,,,,,,
Package,"com",0,0,0,0,0,,,,,,,,,0,0,0,,0,,0,0,0,,0,0,0,0,,0,0,0,0,0,0,,0,0,0,0,,0,,0,,,0.00,0
Unknown Annotation,"com.fasterxml.jackson.databind.annotation.JsonDeserialize",,,,,,,,,,,,,,,,,,,,,,,,,,,,,,,,,,,,,,,,,,,,,,0.00,
Unknown Annotation,"com.fasterxml.jackson.databind.annotation.JsonSerialize",,,,,,,,,,,,,,,,,,,,,,,,,,,,,,,,,,,,,,,,,,,,,,0.00,
Package,"com.lprevidente",0,0,0,0,0,,,,,,,,,0,0,0,,0,,0,0,0,,0,0,0,0,,0,0,0,0,0,0,,0,0,0,0,,0,,0,,,0.00,0
Package,"com.lprevidente.ddd_example",5,0,5,0,1,,,,,,,,,2,1,0,,2,,1,0,2,,1,0,0,1,,29,6,23,16,4,0,,12,16,13,4,,1,,0,,,0.00,2
Public Class,"com.lprevidente.ddd_example.Application",3,0,3,0,1,,,,,1,2,2,0,,1,0,,,,0,0,1,1,0,0,0,1,,7,1,6,3,1,0,,1,3,2,1,,1,1,0,0,0,0.00,1
Public Static Method,"com.lprevidente.ddd_example.Application.main",,,,,,0.00,0.00,0,0,,,,,,,,,,,,,,,,,,,2,3,0,3,1,1,0,1,1,2,1,1,1,,,0,,,0.00,1
Class,"com.lprevidente.ddd_example.VeryModulithTest",6,0,6,0,1,,,,,1,4,4,0,,0,0,,,,1,0,1,1,1,0,0,0,,10,1,9,5,3,0,,3,5,3,3,,1,1,0,0,0,0.00,1
Method,"com.lprevidente.ddd_example.VeryModulithTest.createApplicationModuleModel",,,,,,0.00,0.00,0,0,,,,,,,,,,,,,,,,,,,4,6,0,6,3,3,0,3,3,4,2,3,1,,,0,,,0.00,1
Package,"com.lprevidente.ddd_example.common",0,0,0,0,0,,,,,,,,,0,0,0,,0,,0,0,0,,0,0,0,0,,0,0,0,0,0,0,,0,0,0,0,,0,,0,,,0.00,0
Package,"com.lprevidente.ddd_example.common.identifier",8,1,7,0,2,,,,,,,,,6,0,0,,6,,9,2,9,,1,0,0,8,,140,27,113,72,27,0,,55,75,54,26,,4,,1,,,0.00,14
Public Interface,"com.lprevidente.ddd_example.common.identifier.Identifier",0,0,0,0,0,,,,,0,3,3,3,,0,0,,,,1,0,1,1,1,0,0,0,,6,1,5,4,0,0,,1,2,2,0,,0,0,0,0,0,0.00,0
Abstract Method,"com.lprevidente.ddd_example.common.identifier.Identifier.id",,,,,,0.00,0.00,0,0,,,,,,,,,,,,,,,,,,,1,1,0,1,1,0,0,1,1,1,1,0,0,,,0,,,0.00,0
Class,"com.lprevidente.ddd_example.common.identifier.IdentifierConverterConfiguration",4,0,4,0,1,,,,,2,4,4,0,,0,0,,,,1,0,1,1,0,0,0,1,,8,1,7,4,1,0,,1,3,2,1,,1,1,0,0,0,0.00,1
Public Method,"com.lprevidente.ddd_example.common.identifier.IdentifierConverterConfiguration.addFormatters",,,,,,0.00,0.00,0,0,,,,,,,,,,,,,,,,,,,1,4,0,4,2,1,0,1,1,2,1,1,1,,,0,,,0.00,1
Class,"com.lprevidente.ddd_example.common.identifier.IdentifierDeserializer",9,1,8,0,2,,,,,2,10,10,0,,0,0,,,,3,1,3,3,0,0,0,3,,35,6,29,12,13,0,,10,17,8,12,,4,2,1,33,0,0.00,6
Public Constructor,"com.lprevidente.ddd_example.common.identifier.IdentifierDeserializer.IdentifierDeserializer",,,,,,0.00,0.00,0,0,,,,,,,,,,,,,,,,,,,2,3,0,3,1,1,0,2,1,2,1,1,1,,,0,,,0.00,1
Public Method,"com.lprevidente.ddd_example.common.identifier.IdentifierDeserializer.createContextual",,,,,,0.00,0.00,0,0,,,,,,,,,,,,,,,,,,,1,5,0,5,3,2,0,4,2,3,2,2,1,,,0,,,0.00,1
Public Method,"com.lprevidente.ddd_example.common.identifier.IdentifierDeserializer.deserialize",,,,,,0.00,0.00,0,0,,,,,,,,,,,,,,,,,,,3,18,2,16,4,10,0,7,6,10,3,9,4,,,1,,,0.00,4
Class,"com.lprevidente.ddd_example.common.identifier.IdentifierSerializer",13,2,11,0,2,,,,,1,6,6,0,,0,0,,,,1,0,1,1,0,0,0,1,,16,3,13,6,5,0,,4,7,3,5,,2,2,1,0,0,0.00,2
Public Method,"com.lprevidente.ddd_example.common.identifier.IdentifierSerializer.serialize",,,,,,0.00,0.00,0,0,,,,,,,,,,,,,,,,,,,2,13,2,11,5,5,0,4,4,6,2,5,2,,,1,,,0.00,2
Generic Class,"com.lprevidente.ddd_example.common.identifier.StringToIdentifierConverterFactory",5,0,5,0,1,,,,,2,6,6,0,,0,0,,,,1,0,1,1,0,0,0,1,,31,5,26,13,8,0,,7,14,7,8,,1,1,0,0,0,0.00,1
Private Static Final Generic Class,"com.lprevidente.ddd_example.common.identifier.StringToIdentifierConverterFactory.StringToIdentifierConverter",7,1,7,0,2,,,,,2,6,6,0,,0,0,,,,2,1,2,2,0,0,0,2,,20,3,17,7,7,0,,6,11,5,7,,3,1,1,0,0,0.00,4
Public Constructor,"com.lprevidente.ddd_example.common.identifier.StringToIdentifierConverterFactory.StringToIdentifierConverter.StringToIdentifierConverter",,,,,,0.00,0.00,0,0,,,,,,,,,,,,,,,,,,,2,3,0,3,1,1,0,2,1,2,1,1,1,,,0,,,0.00,1
Generic Parameter,"com.lprevidente.ddd_example.common.identifier.StringToIdentifierConverterFactory.StringToIdentifierConverter.T",0,0,0,0,0,,,,,1,1,1,0,,0,0,,,,0,0,0,,0,0,0,0,,,,,,,,,,,,,,0,1,0,0,0,,0
Public Method,"com.lprevidente.ddd_example.common.identifier.StringToIdentifierConverterFactory.StringToIdentifierConverter.convert",,,,,,0.00,0.00,0,0,,,,,,,,,,,,,,,,,,,3,11,1,10,3,6,0,6,4,7,2,6,3,,,1,,,0.00,3
Generic Parameter,"com.lprevidente.ddd_example.common.identifier.StringToIdentifierConverterFactory.T",0,0,0,0,0,,,,,1,1,1,0,,0,0,,,,0,0,0,,0,0,0,0,,,,,,,,,,,,,,0,1,0,0,0,,0
Public Generic Method,"com.lprevidente.ddd_example.common.identifier.StringToIdentifierConverterFactory.getConverter",,,,,,0.00,0.00,0,0,,,,,,,,,,,,,,,,,,,1,5,0,5,3,1,0,2,1,2,1,1,1,,,0,,,0.00,1
Generic Parameter,"com.lprevidente.ddd_example.common.identifier.StringToIdentifierConverterFactory.getConverter.T1",0,0,0,0,0,,,,,0,1,1,0,,0,0,,,,0,0,0,,0,0,0,0,,,,,,,,,,,,,,0,0,0,0,0,,0
Package,"com.lprevidente.ddd_example.config",5,0,4,1,1,,,,,,,,,1,0,0,,1,,1,0,1,,0,0,0,1,,30,4,23,12,9,3,,9,11,9,2,,1,,0,,,0.13,4
Public Class,"com.lprevidente.ddd_example.config.SecurityConfig",16,1,12,3,1,,,,,1,7,7,0,,0,0,,,,1,0,1,1,0,0,0,1,,21,2,16,5,9,3,,2,4,2,2,,1,1,0,0,0,0.19,3
Public Method,"com.lprevidente.ddd_example.config.SecurityConfig.defaultSecurityFilterChain",,,,,,0.00,0.00,0,0,,,,,,,,,,,,,,,,,,,4,16,1,12,2,9,3,5,2,3,1,2,1,,,0,,,0.25,3
Lambda Method,"com.lprevidente.ddd_example.config.SecurityConfig.defaultSecurityFilterChain.(lambda_expr_1)",,,,,,0.00,0.00,0,0,,,,,,,,,,,,,,,,,,,2,2,0,2,0,2,0,2,0,0,0,0,1,,,0,,,0.00,2
Lambda Method,"com.lprevidente.ddd_example.config.SecurityConfig.defaultSecurityFilterChain.(lambda_expr_1).(lambda_expr_2)",,,,,,0.00,0.00,0,0,,,,,,,,,,,,,,,,,,,1,1,0,1,0,1,0,2,0,0,0,0,1,,,0,,,0.00,1
Lambda Method,"com.lprevidente.ddd_example.config.SecurityConfig.defaultSecurityFilterChain.(lambda_expr_3)",,,,,,0.00,0.00,0,0,,,,,,,,,,,,,,,,,,,1,2,0,2,0,2,0,3,0,0,0,0,1,,,0,,,0.00,1
Package,"com.lprevidente.ddd_example.exception",7,0,7,0,1,,,,,,,,,3,0,0,,2,,14,5,14,,0,0,0,14,,153,23,126,62,59,4,,60,76,42,44,,2,,0,,,0.03,17
Public Class,"com.lprevidente.ddd_example.exception.DomainException",4,0,4,0,1,,,,,1,3,3,5,,0,0,,,,5,3,5,5,0,0,0,5,,34,6,27,10,11,1,,14,20,9,11,,1,2,0,40,40,0.04,5
Public Constructor,"com.lprevidente.ddd_example.exception.DomainException.DomainException",,,,,,0.00,0.00,0,0,,,,,,,,,,,,,,,,,,,10,6,0,6,1,4,0,4,4,5,1,4,1,,,0,,,0.00,1
Public Constructor,"com.lprevidente.ddd_example.exception.DomainException.DomainException",,,,,,0.00,0.00,0,0,,,,,,,,,,,,,,,,,,,5,7,0,7,2,4,0,4,4,5,1,4,1,,,0,,,0.00,1
Public Method,"com.lprevidente.ddd_example.exception.DomainException.getErrorCode",,,,,,0.00,0.00,0,0,,,,,,,,,,,,,,,,,,,2,3,0,3,1,1,0,1,1,2,1,1,1,,,0,,,0.00,1
Public Method,"com.lprevidente.ddd_example.exception.DomainException.getStatus",,,,,,0.00,0.00,0,0,,,,,,,,,,,,,,,,,,,2,3,0,3,1,1,0,1,1,2,1,1,1,,,0,,,0.00,1
Public Method,"com.lprevidente.ddd_example.exception.DomainException.getTitle",,,,,,0.00,0.00,0,0,,,,,,,,,,,,,,,,,,,2,3,0,3,1,1,0,1,1,2,1,1,1,,,0,,,0.00,1
Class,"com.lprevidente.ddd_example.exception.GlobalExceptionHandler",11,1,10,0,1,,,,,1,15,15,0,,0,0,,,,8,0,8,8,0,0,0,8,,102,13,86,39,48,3,,33,43,20,33,,1,1,0,0,0,0.03,11
Static Record,"com.lprevidente.ddd_example.exception.GlobalExceptionHandler.ValidationError",0,0,0,0,1,,,,,1,1,1,0,,0,0,,,,1,2,1,3,0,0,0,1,,2,0,1,1,0,1,,0,1,1,0,,1,1,0,100,100,1.00,1
Public Constructor,"com.lprevidente.ddd_example.exception.GlobalExceptionHandler.ValidationError",,,,,,0.00,0.00,0,0,,,,,,,,,,,,,,,,,,,2,0,0,0,0,0,0,1,0,0,0,0,1,,,0,,,0.00,1
Public Method,"com.lprevidente.ddd_example.exception.GlobalExceptionHandler.handleConstraintViolationException",,,,,,0.00,0.00,0,0,,,,,,,,,,,,,,,,,,,3,23,2,20,7,15,1,8,7,8,4,7,1,,,0,,,0.05,3
Lambda Method,"com.lprevidente.ddd_example.exception.GlobalExceptionHandler.handleConstraintViolationException.(lambda_expr_1)",,,,,,0.00,0.00,0,0,,,,,,,,,,,,,,,,,,,1,8,0,8,3,6,0,8,3,3,2,3,2,,,0,,,0.00,2
Public Method,"com.lprevidente.ddd_example.exception.GlobalExceptionHandler.handleDomainException",,,,,,0.00,0.00,0,0,,,,,,,,,,,,,,,,,,,1,7,0,7,3,4,0,8,4,5,2,4,1,,,0,,,0.00,1
Public Method,"com.lprevidente.ddd_example.exception.GlobalExceptionHandler.handleGenericException",,,,,,0.00,0.00,0,0,,,,,,,,,,,,,,,,,,,3,9,0,9,4,5,0,4,4,5,2,4,1,,,0,,,0.00,1
Public Method,"com.lprevidente.ddd_example.exception.GlobalExceptionHandler.handleHttpMessageNotReadableException",,,,,,0.00,0.00,0,0,,,,,,,,,,,,,,,,,,,1,7,0,7,4,3,0,3,3,4,2,3,1,,,0,,,0.00,1
Public Method,"com.lprevidente.ddd_example.exception.GlobalExceptionHandler.handleIllegalArgumentException",,,,,,0.00,0.00,0,0,,,,,,,,,,,,,,,,,,,2,7,0,7,4,3,0,4,3,4,2,3,1,,,0,,,0.00,1
Public Method,"com.lprevidente.ddd_example.exception.GlobalExceptionHandler.handleMethodArgumentNotValidException",,,,,,0.00,0.00,0,0,,,,,,,,,,,,,,,,,,,3,15,2,12,4,8,1,9,4,5,2,4,1,,,0,,,0.08,2
Lambda Method,"com.lprevidente.ddd_example.exception.GlobalExceptionHandler.handleMethodArgumentNotValidException.(lambda_expr_1)",,,,,,0.00,0.00,0,0,,,,,,,,,,,,,,,,,,,1,1,0,1,0,1,0,4,0,0,0,0,1,,,0,,,0.00,1
Public Method,"com.lprevidente.ddd_example.exception.GlobalExceptionHandler.handleMethodArgumentTypeMismatchException",,,,,,0.00,0.00,0,0,,,,,,,,,,,,,,,,,,,2,12,0,12,5,7,0,9,5,6,2,5,1,,,0,,,0.00,1
Public Method,"com.lprevidente.ddd_example.exception.GlobalExceptionHandler.handleNoSuchElementException",,,,,,0.00,0.00,0,0,,,,,,,,,,,,,,,,,,,2,7,0,7,4,3,0,4,3,4,2,3,1,,,0,,,0.00,1
Package,"com.lprevidente.ddd_example.pipeline",9,1,8,0,2,,,,,,,,,7,0,0,,6,,8,1,8,,5,0,0,3,,113,25,78,42,26,10,,35,52,37,18,,4,,2,,,0.13,9
Public Generic Interface,"com.lprevidente.ddd_example.pipeline.Command",0,0,0,0,0,,,,,0,0,0,7,,0,0,,,,0,0,0,0,0,0,0,0,,25,6,17,6,8,2,,5,12,6,7,,0,0,0,0,0,0.12,0
Generic Interface,"com.lprevidente.ddd_example.pipeline.Command.Handler",17,3,12,2,4,,,,,0,4,4,7,,0,0,,,,2,0,2,2,2,0,0,0,,22,5,15,5,8,2,,5,11,5,7,,4,0,2,0,0,0.13,4
Generic Parameter,"com.lprevidente.ddd_example.pipeline.Command.Handler.C",0,0,0,0,0,,,,,1,1,1,0,,0,0,,,,0,0,0,,0,0,0,0,,,,,,,,,,,,,,0,1,0,0,0,,0
Generic Parameter,"com.lprevidente.ddd_example.pipeline.Command.Handler.R",0,0,0,0,0,,,,,1,0,0,0,,0,0,,,,0,0,0,,0,0,0,0,,,,,,,,,,,,,,0,1,0,0,0,,0
Method,"com.lprevidente.ddd_example.pipeline.Command.Handler.getClassType",,,,,,0.00,0.00,0,0,,,,,,,,,,,,,,,,,,,0,17,3,12,3,8,2,6,4,9,3,7,4,,,2,,,0.17,4
Abstract Method,"com.lprevidente.ddd_example.pipeline.Command.Handler.handle",,,,,,0.00,0.00,0,0,,,,,,,,,,,,,,,,,,,0,1,0,1,1,0,0,1,1,1,1,0,0,,,0,,,0.00,0
Generic Parameter,"com.lprevidente.ddd_example.pipeline.Command.R",0,0,0,0,0,,,,,1,0,0,0,,0,0,,,,0,0,0,,0,0,0,0,,,,,,,,,,,,,,0,1,0,0,0,,0
Class,"com.lprevidente.ddd_example.pipeline.CommandHandlerNotFoundException",8,0,8,0,1,,,,,1,3,3,0,,0,0,,,,1,0,1,6,0,0,0,1,,11,1,10,3,5,0,,1,3,2,1,,1,3,0,0,0,0.00,1
Public Constructor,"com.lprevidente.ddd_example.pipeline.CommandHandlerNotFoundException.CommandHandlerNotFoundException",,,,,,0.00,0.00,0,0,,,,,,,,,,,,,,,,,,,3,8,0,8,2,5,0,4,1,2,1,1,1,,,0,,,0.00,1
Interface,"com.lprevidente.ddd_example.pipeline.CommandHandlers",0,0,0,0,0,,,,,0,1,1,0,,0,0,,,,1,0,1,1,1,0,0,0,,4,1,3,2,0,0,,1,2,2,0,,0,0,0,0,0,0.00,0
Abstract Method,"com.lprevidente.ddd_example.pipeline.CommandHandlers.supply",,,,,,0.00,0.00,0,0,,,,,,,,,,,,,,,,,,,1,1,0,1,1,0,0,1,1,1,1,0,0,,,0,,,0.00,0
Public Interface,"com.lprevidente.ddd_example.pipeline.Pipeline",0,0,0,0,0,,,,,0,0,0,1,,0,0,,,,1,0,1,1,1,0,0,0,,11,0,3,2,0,8,,1,2,2,0,,0,0,0,0,0,2.67,0
Abstract Generic Method,"com.lprevidente.ddd_example.pipeline.Pipeline.send",,,,,,0.00,0.00,0,0,,,,,,,,,,,,,,,,,,,7,9,0,1,1,0,8,1,1,1,1,0,0,,,0,,,8.00,0
Generic Parameter,"com.lprevidente.ddd_example.pipeline.Pipeline.send.C",0,0,0,0,0,,,,,1,1,1,0,,0,0,,,,0,0,0,,0,0,0,0,,,,,,,,,,,,,,0,1,0,0,0,,0
Generic Parameter,"com.lprevidente.ddd_example.pipeline.Pipeline.send.R",0,0,0,0,0,,,,,1,0,0,0,,0,0,,,,0,0,0,,0,0,0,0,,,,,,,,,,,,,,0,1,0,0,0,,0
Class,"com.lprevidente.ddd_example.pipeline.PipelineConfiguration",4,0,4,0,1,,,,,1,5,5,0,,0,0,,,,1,0,1,1,1,0,0,0,,8,1,7,4,1,0,,1,3,2,1,,1,1,0,0,0,0.00,1
Method,"com.lprevidente.ddd_example.pipeline.PipelineConfiguration.pipeline",,,,,,0.00,0.00,0,0,,,,,,,,,,,,,,,,,,,2,4,0,4,2,1,0,2,1,2,1,1,1,,,0,,,0.00,1
Class,"com.lprevidente.ddd_example.pipeline.PipelineImpl",9,1,8,0,2,,,,,2,10,10,0,,0,0,,,,2,1,2,2,0,0,0,2,,25,5,20,7,12,0,,8,12,5,9,,2,1,1,0,0,0.00,3
Public Generic Method,"com.lprevidente.ddd_example.pipeline.PipelineImpl.send",,,,,,0.00,0.00,0,0,,,,,,,,,,,,,,,,,,,2,10,2,8,3,5,0,7,4,6,2,5,2,,,1,,,0.00,2
Generic Parameter,"com.lprevidente.ddd_example.pipeline.PipelineImpl.send.C",0,0,0,0,0,,,,,1,1,1,0,,0,0,,,,0,0,0,,0,0,0,0,,,,,,,,,,,,,,0,1,0,0,0,,0
Generic Parameter,"com.lprevidente.ddd_example.pipeline.PipelineImpl.send.R",0,0,0,0,0,,,,,1,0,0,0,,0,0,,,,0,0,0,,0,0,0,0,,,,,,,,,,,,,,0,1,0,0,0,,0
Public Method,"com.lprevidente.ddd_example.pipeline.PipelineImpl.with",,,,,,0.00,0.00,0,0,,,,,,,,,,,,,,,,,,,3,8,0,8,1,6,0,7,3,4,1,3,1,,,0,,,0.00,1
Package,"com.lprevidente.ddd_example.team",12,1,11,0,1,,,,,,,,,8,0,8,,2,,21,4,21,,21,0,0,0,,372,50,315,152,151,7,,78,107,82,39,,1,,0,,,0.02,21
Class,"com.lprevidente.ddd_example.team.TeamIntegrationTest",0,0,0,0,0,,,,,1,7,7,0,,0,2,,,,0,2,0,0,0,0,0,0,,120,17,98,43,49,5,,16,27,18,13,,0,1,0,0,0,0.05,0
Class,"com.lprevidente.ddd_example.team.TeamIntegrationTest.CreateTeamTest",14,1,12,1,1,,,,,1,8,8,0,,0,0,,,,4,0,4,4,4,0,0,0,,62,8,50,18,30,4,,8,13,8,7,,1,1,0,0,0,0.08,4
Method,"com.lprevidente.ddd_example.team.TeamIntegrationTest.CreateTeamTest.shouldCreateTeamWhenInputIsValid",,,,,,0.00,0.00,0,0,,,,,,,,,,,,,,,,,,,3,20,2,16,4,12,2,14,3,4,2,3,1,,,0,,,0.13,1
Method,"com.lprevidente.ddd_example.team.TeamIntegrationTest.CreateTeamTest.shouldReturnBadRequestWhenJsonIsMalformed",,,,,,0.00,0.00,0,0,,,,,,,,,,,,,,,,,,,2,10,0,10,3,6,0,7,1,2,1,1,1,,,0,,,0.00,1
Method,"com.lprevidente.ddd_example.team.TeamIntegrationTest.CreateTeamTest.shouldReturnBadRequestWhenNameIsBlank",,,,,,0.00,0.00,0,0,,,,,,,,,,,,,,,,,,,3,13,1,11,4,7,1,9,2,3,2,2,1,,,0,,,0.09,1
Method,"com.lprevidente.ddd_example.team.TeamIntegrationTest.CreateTeamTest.shouldReturnBadRequestWhenNameIsNull",,,,,,0.00,0.00,0,0,,,,,,,,,,,,,,,,,,,2,11,1,9,4,5,1,7,2,3,2,1,1,,,0,,,0.11,1
Class,"com.lprevidente.ddd_example.team.TeamIntegrationTest.DeleteTeamTest",10,1,9,1,1,,,,,1,5,5,0,,0,0,,,,2,0,2,2,2,0,0,0,,26,3,22,9,10,1,,3,6,3,3,,1,1,0,0,0,0.05,2
Method,"com.lprevidente.ddd_example.team.TeamIntegrationTest.DeleteTeamTest.shouldDeleteTeamWhenTeamExists",,,,,,0.00,0.00,0,0,,,,,,,,,,,,,,,,,,,2,13,1,11,3,7,1,10,2,3,1,2,1,,,0,,,0.09,1
Method,"com.lprevidente.ddd_example.team.TeamIntegrationTest.DeleteTeamTest.shouldReturnNotFoundWhenTeamDoesNotExist",,,,,,0.00,0.00,0,0,,,,,,,,,,,,,,,,,,,2,7,0,7,3,3,0,5,1,2,1,1,1,,,0,,,0.00,1
Class,"com.lprevidente.ddd_example.team.TeamIntegrationTest.GetTeamsTest",11,0,11,0,1,,,,,1,5,5,0,,0,0,,,,1,0,1,1,1,0,0,0,,16,1,15,6,7,0,,1,3,2,1,,1,1,0,0,0,0.00,1
Method,"com.lprevidente.ddd_example.team.TeamIntegrationTest.GetTeamsTest.shouldReturnAllTeams",,,,,,0.00,0.00,0,0,,,,,,,,,,,,,,,,,,,1,11,0,11,3,7,0,10,1,2,1,1,1,,,0,,,0.00,1
Class,"com.lprevidente.ddd_example.team.TeamMemberIntegrationTest",0,0,0,0,0,,,,,1,7,7,0,,0,6,,,,0,2,0,0,0,0,0,0,,214,27,185,77,102,2,,30,48,32,26,,0,1,0,0,0,0.01,0
Class,"com.lprevidente.ddd_example.team.TeamMemberIntegrationTest.AddTeamMemberTest",13,1,11,0,1,,,,,1,8,8,0,,0,0,,,,7,0,7,7,7,0,0,0,,99,14,84,30,52,1,,14,22,14,12,,1,1,0,0,0,0.01,7
Method,"com.lprevidente.ddd_example.team.TeamMemberIntegrationTest.AddTeamMemberTest.shouldAddUserToTeamWhenInputIsValid",,,,,,0.00,0.00,0,0,,,,,,,,,,,,,,,,,,,5,18,2,15,4,11,1,13,3,4,2,3,1,,,0,,,0.07,1
Method,"com.lprevidente.ddd_example.team.TeamMemberIntegrationTest.AddTeamMemberTest.shouldReturnBadRequestWhenJsonIsMalformed",,,,,,0.00,0.00,0,0,,,,,,,,,,,,,,,,,,,3,10,0,10,3,6,0,7,1,2,1,1,1,,,0,,,0.00,1
Method,"com.lprevidente.ddd_example.team.TeamMemberIntegrationTest.AddTeamMemberTest.shouldReturnBadRequestWhenTeamDoesNotExist",,,,,,0.00,0.00,0,0,,,,,,,,,,,,,,,,,,,5,12,1,11,4,7,0,9,2,3,2,2,1,,,0,,,0.00,1
Method,"com.lprevidente.ddd_example.team.TeamMemberIntegrationTest.AddTeamMemberTest.shouldReturnBadRequestWhenTeamIdIsNull",,,,,,0.00,0.00,0,0,,,,,,,,,,,,,,,,,,,4,12,1,11,4,7,0,7,2,3,2,1,1,,,0,,,0.00,1
Method,"com.lprevidente.ddd_example.team.TeamMemberIntegrationTest.AddTeamMemberTest.shouldReturnBadRequestWhenUserDoesNotExist",,,,,,0.00,0.00,0,0,,,,,,,,,,,,,,,,,,,5,12,1,11,4,7,0,9,2,3,2,2,1,,,0,,,0.00,1
Method,"com.lprevidente.ddd_example.team.TeamMemberIntegrationTest.AddTeamMemberTest.shouldReturnBadRequestWhenUserIdIsNull",,,,,,0.00,0.00,0,0,,,,,,,,,,,,,,,,,,,3,12,1,11,4,7,0,7,2,3,2,1,1,,,0,,,0.00,1
Method,"com.lprevidente.ddd_example.team.TeamMemberIntegrationTest.AddTeamMemberTest.shouldReturnBadRequestWhenUserIsAlreadyMember",,,,,,0.00,0.00,0,0,,,,,,,,,,,,,,,,,,,5,12,1,11,4,7,0,9,2,3,2,2,1,,,0,,,0.00,1
Class,"com.lprevidente.ddd_example.team.TeamMemberIntegrationTest.GetTeamMembersTest",8,0,8,0,1,,,,,1,5,5,0,,0,0,,,,3,0,3,3,3,0,0,0,,31,3,28,12,12,0,,3,7,4,3,,1,1,0,0,0,0.00,3
Method,"com.lprevidente.ddd_example.team.TeamMemberIntegrationTest.GetTeamMembersTest.shouldReturnAllMembersOfTeam",,,,,,0.00,0.00,0,0,,,,,,,,,,,,,,,,,,,2,8,0,8,3,4,0,7,1,2,1,1,1,,,0,,,0.00,1
Method,"com.lprevidente.ddd_example.team.TeamMemberIntegrationTest.GetTeamMembersTest.shouldReturnEmptyArrayForNonExistentTeam",,,,,,0.00,0.00,0,0,,,,,,,,,,,,,,,,,,,2,8,0,8,3,4,0,7,1,2,1,1,1,,,0,,,0.00,1
Method,"com.lprevidente.ddd_example.team.TeamMemberIntegrationTest.GetTeamMembersTest.shouldReturnEmptyArrayForTeamWithNoMembers",,,,,,0.00,0.00,0,0,,,,,,,,,,,,,,,,,,,2,8,0,8,3,4,0,7,1,2,1,1,1,,,0,,,0.00,1
Class,"com.lprevidente.ddd_example.team.TeamMemberIntegrationTest.RemoveTeamMemberTest",13,0,12,0,1,,,,,1,5,5,0,,0,0,,,,4,0,4,4,4,0,0,0,,58,5,52,15,32,1,,5,10,5,5,,1,1,0,0,0,0.02,4
Method,"com.lprevidente.ddd_example.team.TeamMemberIntegrationTest.RemoveTeamMemberTest.shouldRemoveUserFromTeamWhenUserIsMember",,,,,,0.00,0.00,0,0,,,,,,,,,,,,,,,,,,,3,17,1,15,3,11,1,9,2,3,1,2,1,,,0,,,0.07,1
Method,"com.lprevidente.ddd_example.team.TeamMemberIntegrationTest.RemoveTeamMemberTest.shouldReturnNotFoundWhenTeamDoesNotExist",,,,,,0.00,0.00,0,0,,,,,,,,,,,,,,,,,,,3,11,0,11,3,7,0,5,1,2,1,1,1,,,0,,,0.00,1
Method,"com.lprevidente.ddd_example.team.TeamMemberIntegrationTest.RemoveTeamMemberTest.shouldReturnNotFoundWhenUserDoesNotExist",,,,,,0.00,0.00,0,0,,,,,,,,,,,,,,,,,,,3,11,0,11,3,7,0,5,1,2,1,1,1,,,0,,,0.00,1
Method,"com.lprevidente.ddd_example.team.TeamMemberIntegrationTest.RemoveTeamMemberTest.shouldReturnNotFoundWhenUserIsNotMember",,,,,,0.00,0.00,0,0,,,,,,,,,,,,,,,,,,,3,11,0,11,3,7,0,5,1,2,1,1,1,,,0,,,0.00,1
Package,"com.lprevidente.ddd_example.team.application",10,1,7,2,1,,,,,,,,,2,0,0,,2,,2,3,2,,0,0,0,2,,63,10,49,36,13,5,,29,33,30,7,,1,,0,,,0.10,3
Public Class,"com.lprevidente.ddd_example.team.application.TeamMemberQueryService",24,4,16,5,1,,,,,1,13,13,0,,0,0,,,,1,2,1,1,0,0,0,1,,31,5,22,12,12,5,,8,10,8,6,,1,1,0,0,0,0.23,2
Public Method,"com.lprevidente.ddd_example.team.application.TeamMemberQueryService.getTeamMembers",,,,,,0.00,0.00,0,0,,,,,,,,,,,,,,,,,,,10,24,4,16,7,12,5,8,6,7,5,6,1,,,0,,,0.31,2
Lambda Method,"com.lprevidente.ddd_example.team.application.TeamMemberQueryService.getTeamMembers.(lambda_expr_1)",,,,,,0.00,0.00,0,0,,,,,,,,,,,,,,,,,,,1,4,0,3,1,2,1,4,1,1,1,1,1,,,0,,,0.33,1
Public Class,"com.lprevidente.ddd_example.team.application.TeamQueryService",3,0,3,0,1,,,,,1,5,5,0,,0,0,,,,1,1,1,1,0,0,0,1,,9,1,8,5,1,0,,2,4,3,1,,1,1,0,0,0,0.00,1
Public Method,"com.lprevidente.ddd_example.team.application.TeamQueryService.getTeams",,,,,,0.00,0.00,0,0,,,,,,,,,,,,,,,,,,,3,3,0,3,1,1,0,2,1,2,1,1,1,,,0,,,0.00,1
Package,"com.lprevidente.ddd_example.team.application.command",0,0,0,0,1,,,,,,,,,4,0,0,,4,,4,6,4,,0,0,0,4,,30,8,22,22,0,0,,17,21,21,0,,1,,0,,,0.00,4
Public Record,"com.lprevidente.ddd_example.team.application.command.AddUserToTeam",0,0,0,0,1,,,,,2,4,4,0,,0,0,,,,1,2,1,3,0,0,0,1,,1,0,1,1,0,0,,0,1,1,0,,1,1,0,100,100,0.00,1
Public Constructor,"com.lprevidente.ddd_example.team.application.command.AddUserToTeam",,,,,,0.00,0.00,0,0,,,,,,,,,,,,,,,,,,,4,0,0,0,0,0,0,1,0,0,0,0,1,,,0,,,0.00,1
Public Record,"com.lprevidente.ddd_example.team.application.command.CreateTeam",0,0,0,0,1,,,,,2,4,4,0,,0,0,,,,1,1,1,2,0,0,0,1,,1,0,1,1,0,0,,0,1,1,0,,1,1,0,100,100,0.00,1
Public Constructor,"com.lprevidente.ddd_example.team.application.command.CreateTeam",,,,,,0.00,0.00,0,0,,,,,,,,,,,,,,,,,,,2,0,0,0,0,0,0,1,0,0,0,0,1,,,0,,,0.00,1
Public Record,"com.lprevidente.ddd_example.team.application.command.DeleteTeam",0,0,0,0,1,,,,,2,4,4,0,,0,0,,,,1,1,1,2,0,0,0,1,,1,0,1,1,0,0,,0,1,1,0,,1,1,0,100,100,0.00,1
Public Constructor,"com.lprevidente.ddd_example.team.application.command.DeleteTeam",,,,,,0.00,0.00,0,0,,,,,,,,,,,,,,,,,,,1,0,0,0,0,0,0,1,0,0,0,0,1,,,0,,,0.00,1
Public Record,"com.lprevidente.ddd_example.team.application.command.RemoveUserFromTeam",0,0,0,0,1,,,,,2,5,5,0,,0,0,,,,1,2,1,3,0,0,0,1,,2,0,2,2,0,0,,0,1,1,0,,1,1,0,100,100,0.00,1
Public Constructor,"com.lprevidente.ddd_example.team.application.command.RemoveUserFromTeam",,,,,,0.00,0.00,0,0,,,,,,,,,,,,,,,,,,,1,0,0,0,0,0,0,1,0,0,0,0,1,,,0,,,0.00,1
Package,"com.lprevidente.ddd_example.team.application.dto",0,0,0,0,0,,,,,,,,,3,0,0,,3,,5,0,5,,5,0,0,0,,28,11,17,14,0,0,,11,14,14,0,,0,,0,,,0.00,0
Public Interface,"com.lprevidente.ddd_example.team.application.dto.MemberDto",0,0,0,0,0,,,,,1,1,1,0,,0,0,,,,2,0,2,3,2,0,0,0,,6,2,4,3,0,0,,2,3,3,0,,0,1,0,0,0,0.00,0
Abstract Method,"com.lprevidente.ddd_example.team.application.dto.MemberDto.getFirstName",,,,,,0.00,0.00,0,0,,,,,,,,,,,,,,,,,,,0,1,0,1,1,0,0,1,1,1,1,0,0,,,0,,,0.00,0
Abstract Method,"com.lprevidente.ddd_example.team.application.dto.MemberDto.getLastName",,,,,,0.00,0.00,0,0,,,,,,,,,,,,,,,,,,,0,1,0,1,1,0,0,1,1,1,1,0,0,,,0,,,0.00,0
Public Interface,"com.lprevidente.ddd_example.team.application.dto.TeamInfoDto",0,0,0,0,0,,,,,0,2,2,0,,0,0,,,,2,0,2,2,2,0,0,0,,6,2,4,3,0,0,,2,3,3,0,,0,0,0,0,0,0.00,0
Abstract Method,"com.lprevidente.ddd_example.team.application.dto.TeamInfoDto.getId",,,,,,0.00,0.00,0,0,,,,,,,,,,,,,,,,,,,0,1,0,1,1,0,0,1,1,1,1,0,0,,,0,,,0.00,0
Abstract Method,"com.lprevidente.ddd_example.team.application.dto.TeamInfoDto.getName",,,,,,0.00,0.00,0,0,,,,,,,,,,,,,,,,,,,0,1,0,1,1,0,0,1,1,1,1,0,0,,,0,,,0.00,0
Public Interface,"com.lprevidente.ddd_example.team.application.dto.TeamMemberDto",0,0,0,0,0,,,,,0,1,1,0,,0,0,,,,1,0,1,1,1,0,0,0,,4,1,3,2,0,0,,1,2,2,0,,0,0,0,0,0,0.00,0
Abstract Method,"com.lprevidente.ddd_example.team.application.dto.TeamMemberDto.getId",,,,,,0.00,0.00,0,0,,,,,,,,,,,,,,,,,,,0,1,0,1,1,0,0,1,1,1,1,0,0,,,0,,,0.00,0
Package,"com.lprevidente.ddd_example.team.application.handler",8,1,7,1,1,,,,,,,,,4,0,0,,4,,4,6,4,,0,0,0,4,,109,17,89,65,23,4,,54,62,51,18,,1,,0,,,0.04,6
Class,"com.lprevidente.ddd_example.team.application.handler.AddUserToTeamHandler",19,4,12,3,1,,,,,2,13,13,0,,0,0,,,,1,3,1,1,0,0,0,1,,28,6,19,11,9,3,,11,13,8,8,,1,1,0,0,0,0.16,1
Public Method,"com.lprevidente.ddd_example.team.application.handler.AddUserToTeamHandler.handle",,,,,,0.00,0.00,0,0,,,,,,,,,,,,,,,,,,,4,19,4,12,5,9,3,12,8,9,4,8,1,,,0,,,0.25,1
Class,"com.lprevidente.ddd_example.team.application.handler.CreateTeamHandler",6,0,6,0,1,,,,,2,7,7,0,,0,0,,,,1,1,1,1,0,0,0,1,,12,1,11,7,3,0,,4,6,4,3,,1,1,0,0,0,0.00,1
Public Method,"com.lprevidente.ddd_example.team.application.handler.CreateTeamHandler.handle",,,,,,0.00,0.00,0,0,,,,,,,,,,,,,,,,,,,2,6,0,6,3,3,0,5,3,4,2,3,1,,,0,,,0.00,1
Class,"com.lprevidente.ddd_example.team.application.handler.DeleteTeamHandler",9,0,9,1,1,,,,,2,7,7,0,,0,0,,,,1,1,1,1,0,0,0,1,,15,1,14,8,5,1,,4,6,4,3,,1,1,0,0,0,0.07,2
Public Method,"com.lprevidente.ddd_example.team.application.handler.DeleteTeamHandler.handle",,,,,,0.00,0.00,0,0,,,,,,,,,,,,,,,,,,,3,9,0,9,4,5,1,5,3,4,2,3,1,,,0,,,0.11,2
Lambda Method,"com.lprevidente.ddd_example.team.application.handler.DeleteTeamHandler.handle.(lambda_expr_1)",,,,,,0.00,0.00,0,0,,,,,,,,,,,,,,,,,,,1,1,0,1,0,1,0,3,0,0,0,0,1,,,0,,,0.00,1
Class,"com.lprevidente.ddd_example.team.application.handler.RemoveUserFromTeamHandler",10,0,10,0,1,,,,,2,8,8,0,,0,0,,,,1,1,1,1,0,0,0,1,,16,1,15,9,6,0,,5,7,5,4,,1,1,0,0,0,0.00,2
Public Method,"com.lprevidente.ddd_example.team.application.handler.RemoveUserFromTeamHandler.handle",,,,,,0.00,0.00,0,0,,,,,,,,,,,,,,,,,,,3,10,0,10,5,6,0,7,4,5,3,4,1,,,0,,,0.00,2
Lambda Method,"com.lprevidente.ddd_example.team.application.handler.RemoveUserFromTeamHandler.handle.(lambda_expr_1)",,,,,,0.00,0.00,0,0,,,,,,,,,,,,,,,,,,,0,1,0,1,0,1,0,2,0,0,0,0,1,,,0,,,0.00,1
Package,"com.lprevidente.ddd_example.team.domain",4,0,4,0,1,,,,,,,,,9,2,0,,9,,28,9,30,,10,3,1,16,,297,57,227,147,65,17,,119,159,110,63,,3,,1,,,0.07,34
Public Class,"com.lprevidente.ddd_example.team.domain.Team",4,0,3,1,1,,,,,1,12,12,0,,1,0,,,,6,3,7,7,0,1,1,5,,49,8,35,19,11,7,,12,21,11,12,,2,2,1,86,71,0.20,8
Public Constructor,"com.lprevidente.ddd_example.team.domain.Team.Team",,,,,,0.00,0.00,0,0,,,,,,,,,,,,,,,,,,,3,4,0,4,1,2,1,4,2,3,1,2,1,,,0,,,0.25,1
Protected Constructor,"com.lprevidente.ddd_example.team.domain.Team.Team",,,,,,0.00,0.00,0,0,,,,,,,,,,,,,,,,,,,0,1,0,1,1,0,0,1,0,1,1,0,1,,,0,,,0.00,1
Public Static Method,"com.lprevidente.ddd_example.team.domain.Team.create",,,,,,0.00,0.00,0,0,,,,,,,,,,,,,,,,,,,6,4,0,3,1,1,1,2,1,2,1,1,1,,,0,,,0.33,1
Public Final Method,"com.lprevidente.ddd_example.team.domain.Team.equals",,,,,,0.00,0.00,0,0,,,,,,,,,,,,,,,,,,,2,5,0,5,2,2,0,2,2,4,1,3,2,,,1,,,0.00,2
Public Method,"com.lprevidente.ddd_example.team.domain.Team.hashCode",,,,,,0.00,0.00,0,0,,,,,,,,,,,,,,,,,,,2,4,0,4,2,1,0,2,1,2,1,1,1,,,0,,,0.00,1
Public Method,"com.lprevidente.ddd_example.team.domain.Team.renameTo",,,,,,0.00,0.00,0,0,,,,,,,,,,,,,,,,,,,3,4,0,3,1,1,1,1,1,2,1,1,1,,,0,,,0.33,1
Private Method,"com.lprevidente.ddd_example.team.domain.Team.setName",,,,,,0.00,0.00,0,0,,,,,,,,,,,,,,,,,,,3,5,0,4,1,2,1,3,2,3,1,2,1,,,0,,,0.25,1
Public Record,"com.lprevidente.ddd_example.team.domain.TeamId",3,0,3,0,1,,,,,3,4,4,0,,0,0,,,,2,1,2,3,0,0,0,2,,10,2,8,3,2,0,,2,5,3,2,,1,1,0,100,100,0.00,2
Public Constructor,"com.lprevidente.ddd_example.team.domain.TeamId.TeamId",,,,,,0.00,0.00,0,0,,,,,,,,,,,,,,,,,,,3,3,0,3,1,1,0,2,1,2,1,1,1,,,0,,,0.00,1
Public Constructor,"com.lprevidente.ddd_example.team.domain.TeamId.TeamId",,,,,,0.00,0.00,0,0,,,,,,,,,,,,,,,,,,,0,3,0,3,1,1,0,3,1,2,1,1,1,,,0,,,0.00,1
Public Class,"com.lprevidente.ddd_example.team.domain.TeamMember",3,0,3,0,1,,,,,1,13,13,0,,1,0,,,,6,2,7,7,0,2,0,5,,42,8,29,18,10,8,,11,19,10,10,,1,1,0,64,50,0.28,7
Private Constructor,"com.lprevidente.ddd_example.team.domain.TeamMember.TeamMember",,,,,,0.00,0.00,0,0,,,,,,,,,,,,,,,,,,,3,3,0,3,1,1,1,2,1,2,1,1,1,,,0,,,0.33,1
Public Final Method,"com.lprevidente.ddd_example.team.domain.TeamMember.equals",,,,,,0.00,0.00,0,0,,,,,,,,,,,,,,,,,,,2,4,0,4,2,1,0,2,1,2,1,1,1,,,0,,,0.00,1
Public Method,"com.lprevidente.ddd_example.team.domain.TeamMember.hashCode",,,,,,0.00,0.00,0,0,,,,,,,,,,,,,,,,,,,1,2,0,2,2,1,0,2,1,2,1,1,1,,,0,,,0.00,1
Public Static Method,"com.lprevidente.ddd_example.team.domain.TeamMember.of",,,,,,0.00,0.00,0,0,,,,,,,,,,,,,,,,,,,3,3,0,3,1,1,0,2,1,2,1,1,1,,,0,,,0.00,1
Private Method,"com.lprevidente.ddd_example.team.domain.TeamMember.setIds",,,,,,0.00,0.00,0,0,,,,,,,,,,,,,,,,,,,3,5,0,5,1,3,0,3,3,4,1,3,1,,,0,,,0.00,1
Public Method,"com.lprevidente.ddd_example.team.domain.TeamMember.teamId",,,,,,0.00,0.00,0,0,,,,,,,,,,,,,,,,,,,1,1,0,1,1,1,0,2,1,2,1,1,1,,,0,,,0.00,1
Public Method,"com.lprevidente.ddd_example.team.domain.TeamMember.userId",,,,,,0.00,0.00,0,0,,,,,,,,,,,,,,,,,,,1,1,0,1,1,1,0,2,1,2,1,1,1,,,0,,,0.00,1
Public Class,"com.lprevidente.ddd_example.team.domain.TeamMemberId",5,0,5,0,2,,,,,2,10,10,0,,0,0,,,,3,2,3,3,0,0,0,3,,32,5,26,16,7,1,,9,15,7,8,,3,1,1,0,0,0.04,5
Public Constructor,"com.lprevidente.ddd_example.team.domain.TeamMemberId.TeamMemberId",,,,,,0.00,0.00,0,0,,,,,,,,,,,,,,,,,,,5,4,0,4,1,2,0,3,2,3,1,2,1,,,0,,,0.00,1
Public Method,"com.lprevidente.ddd_example.team.domain.TeamMemberId.equals",,,,,,0.00,0.00,0,0,,,,,,,,,,,,,,,,,,,3,7,0,7,3,4,0,3,4,7,2,5,3,,,1,,,0.00,3
Public Method,"com.lprevidente.ddd_example.team.domain.TeamMemberId.hashCode",,,,,,0.00,0.00,0,0,,,,,,,,,,,,,,,,,,,2,4,0,4,2,1,0,2,1,2,1,1,1,,,0,,,0.00,1
Public Interface,"com.lprevidente.ddd_example.team.domain.TeamMembers",0,0,0,0,0,,,,,1,4,4,0,,0,0,,,,1,0,1,1,1,0,0,0,,6,1,5,4,0,0,,1,2,2,0,,0,2,0,0,0,0.00,0
Abstract Generic Method,"com.lprevidente.ddd_example.team.domain.TeamMembers.findAllById_TeamId",,,,,,0.00,0.00,0,0,,,,,,,,,,,,,,,,,,,1,1,0,1,1,0,0,1,1,1,1,0,0,,,0,,,0.00,0
Generic Parameter,"com.lprevidente.ddd_example.team.domain.TeamMembers.findAllById_TeamId.T",0,0,0,0,0,,,,,1,0,0,0,,0,0,,,,0,0,0,,0,0,0,0,,,,,,,,,,,,,,0,1,0,0,0,,0
Class,"com.lprevidente.ddd_example.team.domain.TeamNameTest",8,1,8,0,1,,,,,1,2,2,0,,0,0,,,,3,0,3,3,3,0,0,0,,30,5,25,11,14,0,,10,14,8,10,,1,1,0,0,0,0.00,5
Method,"com.lprevidente.ddd_example.team.domain.TeamNameTest.equalsAndHashCodeShouldWork",,,,,,0.00,0.00,0,0,,,,,,,,,,,,,,,,,,,0,10,1,9,5,6,0,4,6,7,4,6,1,,,0,,,0.00,1
Method,"com.lprevidente.ddd_example.team.domain.TeamNameTest.shouldCreateValidName",,,,,,0.00,0.00,0,0,,,,,,,,,,,,,,,,,,,0,5,0,5,3,2,0,3,2,3,2,2,1,,,0,,,0.00,1
Method,"com.lprevidente.ddd_example.team.domain.TeamNameTest.shouldRejectBlankOrNull",,,,,,0.00,0.00,0,0,,,,,,,,,,,,,,,,,,,3,10,1,9,2,6,0,3,2,3,1,2,1,,,0,,,0.00,3
Lambda Method,"com.lprevidente.ddd_example.team.domain.TeamNameTest.shouldRejectBlankOrNull.(lambda_expr_1)",,,,,,0.00,0.00,0,0,,,,,,,,,,,,,,,,,,,0,1,0,1,0,1,0,1,0,0,0,0,1,,,0,,,0.00,1
Lambda Method,"com.lprevidente.ddd_example.team.domain.TeamNameTest.shouldRejectBlankOrNull.(lambda_expr_2)",,,,,,0.00,0.00,0,0,,,,,,,,,,,,,,,,,,,0,1,0,1,0,1,0,1,0,0,0,0,1,,,0,,,0.00,1
Class,"com.lprevidente.ddd_example.team.domain.TeamTest",8,1,7,0,1,,,,,1,3,3,0,,0,0,,,,5,0,5,5,5,0,0,0,,46,8,37,18,20,1,,20,26,13,20,,1,1,0,0,0,0.03,6
Method,"com.lprevidente.ddd_example.team.domain.TeamTest.createdAtMustRemainImmutable",,,,,,0.00,0.00,0,0,,,,,,,,,,,,,,,,,,,0,7,0,7,4,4,0,4,4,5,3,4,1,,,0,,,0.00,1
Method,"com.lprevidente.ddd_example.team.domain.TeamTest.equalityDependsOnlyOnId",,,,,,0.00,0.00,0,0,,,,,,,,,,,,,,,,,,,0,13,2,10,5,7,1,7,7,8,4,7,1,,,0,,,0.10,1
Method,"com.lprevidente.ddd_example.team.domain.TeamTest.shouldCreateTeamWithValidName",,,,,,0.00,0.00,0,0,,,,,,,,,,,,,,,,,,,1,9,1,8,3,5,0,13,5,6,2,5,1,,,0,,,0.00,1
Method,"com.lprevidente.ddd_example.team.domain.TeamTest.shouldFailWhenNameIsBlank",,,,,,0.00,0.00,0,0,,,,,,,,,,,,,,,,,,,2,4,0,4,2,1,0,1,1,2,1,1,1,,,0,,,0.00,2
Lambda Method,"com.lprevidente.ddd_example.team.domain.TeamTest.shouldFailWhenNameIsBlank.(lambda_expr_1)",,,,,,0.00,0.00,0,0,,,,,,,,,,,,,,,,,,,0,1,0,1,0,1,0,2,0,0,0,0,1,,,0,,,0.00,1
Method,"com.lprevidente.ddd_example.team.domain.TeamTest.shouldRenameTeam",,,,,,0.00,0.00,0,0,,,,,,,,,,,,,,,,,,,0,6,0,6,3,3,0,4,3,4,2,3,1,,,0,,,0.00,1
Public Interface,"com.lprevidente.ddd_example.team.domain.Teams",0,0,0,0,0,,,,,1,3,3,0,,0,0,,,,1,0,1,1,1,0,0,0,,5,0,5,4,0,0,,1,2,2,0,,0,2,0,0,0,0.00,0
Abstract Generic Method,"com.lprevidente.ddd_example.team.domain.Teams.findAllBy",,,,,,0.00,0.00,0,0,,,,,,,,,,,,,,,,,,,1,1,0,1,1,0,0,1,1,1,1,0,0,,,0,,,0.00,0
Generic Parameter,"com.lprevidente.ddd_example.team.domain.Teams.findAllBy.T",0,0,0,0,0,,,,,1,0,0,0,,0,0,,,,0,0,0,,0,0,0,0,,,,,,,,,,,,,,0,1,0,0,0,,0
Public Record,"com.lprevidente.ddd_example.team.domain.UserId",3,0,3,0,1,,,,,3,4,4,0,,0,0,,,,1,1,1,2,0,0,0,1,,6,1,5,2,1,0,,1,3,2,1,,1,1,0,100,100,0.00,1
Public Constructor,"com.lprevidente.ddd_example.team.domain.UserId.UserId",,,,,,0.00,0.00,0,0,,,,,,,,,,,,,,,,,,,2,3,0,3,1,1,0,2,1,2,1,1,1,,,0,,,0.00,1
Package,"com.lprevidente.ddd_example.team.domain.event",0,0,0,0,1,,,,,,,,,1,0,0,,1,,1,1,1,,0,0,0,1,,5,2,3,3,0,0,,2,3,3,0,,1,,0,,,0.00,1
Public Record,"com.lprevidente.ddd_example.team.domain.event.TeamCreated",0,0,0,0,1,,,,,1,1,1,0,,0,0,,,,1,1,1,2,0,0,0,1,,1,0,1,1,0,0,,0,1,1,0,,1,1,0,100,100,0.00,1
Public Constructor,"com.lprevidente.ddd_example.team.domain.event.TeamCreated",,,,,,0.00,0.00,0,0,,,,,,,,,,,,,,,,,,,1,0,0,0,0,0,0,1,0,0,0,0,1,,,0,,,0.00,1
Package,"com.lprevidente.ddd_example.team.domain.exception",6,0,6,0,1,,,,,,,,,2,1,0,,2,,2,0,3,,0,1,0,2,,40,8,29,13,11,3,,11,16,13,3,,1,,0,,,0.10,3
Public Class,"com.lprevidente.ddd_example.team.domain.exception.TeamMemberNotFoundException",5,0,5,0,1,,,,,1,3,3,0,,1,0,,,,1,0,2,7,0,1,0,1,,17,3,12,3,6,2,,2,5,3,2,,1,3,0,0,0,0.17,2
Public Constructor,"com.lprevidente.ddd_example.team.domain.exception.TeamMemberNotFoundException.TeamMemberNotFoundException",,,,,,0.00,0.00,0,0,,,,,,,,,,,,,,,,,,,3,6,0,6,1,4,0,3,1,2,1,1,1,,,0,,,0.00,1
Private Static Method,"com.lprevidente.ddd_example.team.domain.exception.TeamMemberNotFoundException.buildMessage",,,,,,0.00,0.00,0,0,,,,,,,,,,,,,,,,,,,2,4,0,4,1,2,0,5,1,2,1,1,1,,,0,,,0.00,1
Public Class,"com.lprevidente.ddd_example.team.domain.exception.TeamNotFoundException",7,0,7,0,1,,,,,1,2,2,0,,0,0,,,,1,0,1,6,0,0,0,1,,11,1,9,2,5,1,,1,3,2,1,,1,3,0,0,0,0.11,1
Public Constructor,"com.lprevidente.ddd_example.team.domain.exception.TeamNotFoundException.TeamNotFoundException",,,,,,0.00,0.00,0,0,,,,,,,,,,,,,,,,,,,3,7,0,7,1,5,0,4,1,2,1,1,1,,,0,,,0.00,1
Package,"com.lprevidente.ddd_example.team.infrastructure",5,0,5,0,1,,,,,,,,,2,0,0,,2,,6,4,6,,0,0,0,6,,79,12,67,53,6,0,,35,43,37,6,,1,,0,,,0.00,6
Class,"com.lprevidente.ddd_example.team.infrastructure.TeamController",5,0,5,0,1,,,,,1,17,17,0,,0,0,,,,3,2,3,3,0,0,0,3,,25,4,21,14,3,0,,5,9,6,3,,1,1,0,50,50,0.00,3
Public Method,"com.lprevidente.ddd_example.team.infrastructure.TeamController.createTeam",,,,,,0.00,0.00,0,0,,,,,,,,,,,,,,,,,,,2,5,0,5,3,1,0,2,1,2,1,1,1,,,0,,,0.00,1
Public Method,"com.lprevidente.ddd_example.team.infrastructure.TeamController.deleteTeam",,,,,,0.00,0.00,0,0,,,,,,,,,,,,,,,,,,,2,5,0,5,3,1,0,2,1,2,1,1,1,,,0,,,0.00,1
Public Method,"com.lprevidente.ddd_example.team.infrastructure.TeamController.getTeams",,,,,,0.00,0.00,0,0,,,,,,,,,,,,,,,,,,,1,4,0,4,2,1,0,2,1,2,1,1,1,,,0,,,0.00,1
Class,"com.lprevidente.ddd_example.team.infrastructure.TeamMemberController",5,0,5,0,1,,,,,1,18,18,0,,0,0,,,,3,2,3,3,0,0,0,3,,25,4,21,14,3,0,,5,9,6,3,,1,1,0,50,50,0.00,3
Public Method,"com.lprevidente.ddd_example.team.infrastructure.TeamMemberController.addMember",,,,,,0.00,0.00,0,0,,,,,,,,,,,,,,,,,,,2,5,0,5,3,1,0,1,1,2,1,1,1,,,0,,,0.00,1
Public Method,"com.lprevidente.ddd_example.team.infrastructure.TeamMemberController.getTeamMembers",,,,,,0.00,0.00,0,0,,,,,,,,,,,,,,,,,,,2,4,0,4,2,1,0,2,1,2,1,1,1,,,0,,,0.00,1
Public Method,"com.lprevidente.ddd_example.team.infrastructure.TeamMemberController.removeMemberFromTeam",,,,,,0.00,0.00,0,0,,,,,,,,,,,,,,,,,,,3,5,0,5,3,1,0,2,1,2,1,1,1,,,0,,,0.00,1
Package,"com.lprevidente.ddd_example.user",12,1,10,1,1,,,,,,,,,6,0,4,,1,,21,2,21,,21,0,0,0,,329,48,267,122,134,14,,60,87,63,39,,1,,0,,,0.05,21
Class,"com.lprevidente.ddd_example.user.UserIntegrationTest",0,0,0,0,0,,,,,1,8,8,0,,0,4,,,,0,2,0,0,0,0,0,0,,308,45,249,104,134,14,,42,69,45,39,,0,1,0,0,0,0.06,0
Class,"com.lprevidente.ddd_example.user.UserIntegrationTest.CreateUserTest",14,1,12,1,1,,,,,1,7,7,0,,0,0,,,,8,0,8,8,8,0,0,0,,122,16,98,35,61,8,,16,25,16,16,,1,1,0,0,0,0.08,8
Method,"com.lprevidente.ddd_example.user.UserIntegrationTest.CreateUserTest.shouldCreateUserWhenInputIsValid",,,,,,0.00,0.00,0,0,,,,,,,,,,,,,,,,,,,3,20,2,16,4,12,2,14,3,4,2,3,1,,,0,,,0.13,1
Method,"com.lprevidente.ddd_example.user.UserIntegrationTest.CreateUserTest.shouldReturnBadRequestWhenEmailAlreadyExists",,,,,,0.00,0.00,0,0,,,,,,,,,,,,,,,,,,,3,15,1,13,5,8,1,11,2,3,2,2,1,,,0,,,0.08,1
Method,"com.lprevidente.ddd_example.user.UserIntegrationTest.CreateUserTest.shouldReturnBadRequestWhenEmailIsBlank",,,,,,0.00,0.00,0,0,,,,,,,,,,,,,,,,,,,3,13,1,11,4,7,1,9,2,3,2,2,1,,,0,,,0.09,1
Method,"com.lprevidente.ddd_example.user.UserIntegrationTest.CreateUserTest.shouldReturnBadRequestWhenFirstNameIsBlank",,,,,,0.00,0.00,0,0,,,,,,,,,,,,,,,,,,,3,13,1,11,4,7,1,9,2,3,2,2,1,,,0,,,0.09,1
Method,"com.lprevidente.ddd_example.user.UserIntegrationTest.CreateUserTest.shouldReturnBadRequestWhenJsonIsMalformed",,,,,,0.00,0.00,0,0,,,,,,,,,,,,,,,,,,,2,10,0,10,3,6,0,7,1,2,1,1,1,,,0,,,0.00,1
Method,"com.lprevidente.ddd_example.user.UserIntegrationTest.CreateUserTest.shouldReturnBadRequestWhenLastNameIsBlank",,,,,,0.00,0.00,0,0,,,,,,,,,,,,,,,,,,,3,13,1,11,4,7,1,9,2,3,2,2,1,,,0,,,0.09,1
Method,"com.lprevidente.ddd_example.user.UserIntegrationTest.CreateUserTest.shouldReturnBadRequestWhenPasswordIsBlank",,,,,,0.00,0.00,0,0,,,,,,,,,,,,,,,,,,,3,13,1,11,4,7,1,9,2,3,2,2,1,,,0,,,0.09,1
Method,"com.lprevidente.ddd_example.user.UserIntegrationTest.CreateUserTest.shouldReturnBadRequestWhenPasswordIsTooWeak",,,,,,0.00,0.00,0,0,,,,,,,,,,,,,,,,,,,3,13,1,11,4,7,1,9,2,3,2,2,1,,,0,,,0.09,1
Class,"com.lprevidente.ddd_example.user.UserIntegrationTest.DeleteUserTest",8,0,7,0,1,,,,,1,5,5,0,,0,0,,,,3,0,3,3,3,0,0,0,,30,4,26,12,10,0,,4,8,4,4,,1,1,0,0,0,0.00,3
Method,"com.lprevidente.ddd_example.user.UserIntegrationTest.DeleteUserTest.shouldDeleteUserWhenUserExists",,,,,,0.00,0.00,0,0,,,,,,,,,,,,,,,,,,,2,11,1,10,3,6,0,7,2,3,1,2,1,,,0,,,0.00,1
Method,"com.lprevidente.ddd_example.user.UserIntegrationTest.DeleteUserTest.shouldReturnBadRequestWhenIdIsInvalid",,,,,,0.00,0.00,0,0,,,,,,,,,,,,,,,,,,,1,5,0,5,3,1,0,5,1,2,1,1,1,,,0,,,0.00,1
Method,"com.lprevidente.ddd_example.user.UserIntegrationTest.DeleteUserTest.shouldReturnNotFoundWhenDeletingNonExistentUser",,,,,,0.00,0.00,0,0,,,,,,,,,,,,,,,,,,,2,7,0,7,3,3,0,5,1,2,1,1,1,,,0,,,0.00,1
Class,"com.lprevidente.ddd_example.user.UserIntegrationTest.GetUserByIdTest",7,0,7,0,1,,,,,1,5,5,0,,0,0,,,,3,0,3,3,3,0,0,0,,28,3,25,12,9,0,,3,7,4,3,,1,1,0,0,0,0.00,3
Method,"com.lprevidente.ddd_example.user.UserIntegrationTest.GetUserByIdTest.shouldReturnBadRequestWhenIdIsInvalid",,,,,,0.00,0.00,0,0,,,,,,,,,,,,,,,,,,,1,5,0,5,3,1,0,5,1,2,1,1,1,,,0,,,0.00,1
Method,"com.lprevidente.ddd_example.user.UserIntegrationTest.GetUserByIdTest.shouldReturnNotFoundWhenUserDoesNotExist",,,,,,0.00,0.00,0,0,,,,,,,,,,,,,,,,,,,2,7,0,7,3,3,0,5,1,2,1,1,1,,,0,,,0.00,1
Method,"com.lprevidente.ddd_example.user.UserIntegrationTest.GetUserByIdTest.shouldReturnUserWhenUserExists",,,,,,0.00,0.00,0,0,,,,,,,,,,,,,,,,,,,2,9,0,9,3,5,0,7,1,2,1,1,1,,,0,,,0.00,1
Class,"com.lprevidente.ddd_example.user.UserIntegrationTest.GetUsersTest",10,0,10,0,1,,,,,1,5,5,0,,0,0,,,,1,0,1,1,1,0,0,0,,15,1,14,6,6,0,,1,3,2,1,,1,1,0,0,0,0.00,1
Method,"com.lprevidente.ddd_example.user.UserIntegrationTest.GetUsersTest.shouldReturnAllUsers",,,,,,0.00,0.00,0,0,,,,,,,,,,,,,,,,,,,1,10,0,10,3,6,0,10,1,2,1,1,1,,,0,,,0.00,1
Class,"com.lprevidente.ddd_example.user.UserIntegrationTest.UpdateUserTest",14,1,12,1,1,,,,,1,8,8,0,,0,0,,,,6,0,6,6,6,0,0,0,,91,12,73,27,44,6,,12,19,12,11,,1,1,0,0,0,0.08,6
Method,"com.lprevidente.ddd_example.user.UserIntegrationTest.UpdateUserTest.shouldReturnBadRequestWhenFirstNameIsBlank",,,,,,0.00,0.00,0,0,,,,,,,,,,,,,,,,,,,4,13,1,11,4,7,1,9,2,3,2,2,1,,,0,,,0.09,1
Method,"com.lprevidente.ddd_example.user.UserIntegrationTest.UpdateUserTest.shouldReturnBadRequestWhenIdIsNull",,,,,,0.00,0.00,0,0,,,,,,,,,,,,,,,,,,,2,11,1,9,4,5,1,7,2,3,2,1,1,,,0,,,0.11,1
Method,"com.lprevidente.ddd_example.user.UserIntegrationTest.UpdateUserTest.shouldReturnBadRequestWhenJsonIsMalformed",,,,,,0.00,0.00,0,0,,,,,,,,,,,,,,,,,,,2,10,0,10,3,6,0,7,1,2,1,1,1,,,0,,,0.00,1
Method,"com.lprevidente.ddd_example.user.UserIntegrationTest.UpdateUserTest.shouldReturnBadRequestWhenLastNameIsBlank",,,,,,0.00,0.00,0,0,,,,,,,,,,,,,,,,,,,4,13,1,11,4,7,1,9,2,3,2,2,1,,,0,,,0.09,1
Method,"com.lprevidente.ddd_example.user.UserIntegrationTest.UpdateUserTest.shouldReturnNotFoundWhenUserDoesNotExist",,,,,,0.00,0.00,0,0,,,,,,,,,,,,,,,,,,,4,13,1,11,4,7,1,9,2,3,2,2,1,,,0,,,0.09,1
Method,"com.lprevidente.ddd_example.user.UserIntegrationTest.UpdateUserTest.shouldUpdateUserWhenInputIsValid",,,,,,0.00,0.00,0,0,,,,,,,,,,,,,,,,,,,5,21,2,17,5,12,2,13,3,4,2,3,1,,,0,,,0.12,1
Package,"com.lprevidente.ddd_example.user.api",4,0,4,0,1,,,,,,,,,3,0,0,,4,,7,1,7,,4,0,0,3,,60,14,46,36,4,0,,27,33,30,3,,1,,0,,,0.00,4
Public Interface,"com.lprevidente.ddd_example.user.api.UserApi",0,0,0,0,0,,,,,0,5,5,1,,0,0,,,,3,0,3,3,3,0,0,0,,8,3,5,4,0,0,,3,4,4,0,,0,0,0,0,0,0.00,0
Abstract Method,"com.lprevidente.ddd_example.user.api.UserApi.existsById",,,,,,0.00,0.00,0,0,,,,,,,,,,,,,,,,,,,1,1,0,1,1,0,0,1,1,1,1,0,0,,,0,,,0.00,0
Abstract Generic Method,"com.lprevidente.ddd_example.user.api.UserApi.findAllById",,,,,,0.00,0.00,0,0,,,,,,,,,,,,,,,,,,,1,1,0,1,1,0,0,1,1,1,1,0,0,,,0,,,0.00,0
Generic Parameter,"com.lprevidente.ddd_example.user.api.UserApi.findAllById.T",0,0,0,0,0,,,,,1,1,1,0,,0,0,,,,0,0,0,,0,0,0,0,,,,,,,,,,,,,,0,1,0,0,0,,0
Abstract Generic Method,"com.lprevidente.ddd_example.user.api.UserApi.findById",,,,,,0.00,0.00,0,0,,,,,,,,,,,,,,,,,,,0,1,0,1,1,0,0,1,1,1,1,0,0,,,0,,,0.00,0
Generic Parameter,"com.lprevidente.ddd_example.user.api.UserApi.findById.T",0,0,0,0,0,,,,,1,0,0,0,,0,0,,,,0,0,0,,0,0,0,0,,,,,,,,,,,,,,0,1,0,0,0,,0
Class,"com.lprevidente.ddd_example.user.api.UserApiImpl",4,0,4,0,1,,,,,2,12,12,0,,0,0,,,,3,1,3,3,0,0,0,3,,21,3,18,10,4,0,,4,8,5,3,,1,1,0,0,0,0.00,4
Public Method,"com.lprevidente.ddd_example.user.api.UserApiImpl.existsById",,,,,,0.00,0.00,0,0,,,,,,,,,,,,,,,,,,,2,4,0,4,2,1,0,3,1,2,1,1,1,,,0,,,0.00,1
Public Generic Method,"com.lprevidente.ddd_example.user.api.UserApiImpl.findAllById",,,,,,0.00,0.00,0,0,,,,,,,,,,,,,,,,,,,4,5,0,5,2,2,0,8,1,2,1,1,1,,,0,,,0.00,2
Lambda Method,"com.lprevidente.ddd_example.user.api.UserApiImpl.findAllById.(lambda_expr_1)",,,,,,0.00,0.00,0,0,,,,,,,,,,,,,,,,,,,1,1,0,1,0,1,0,3,0,0,0,0,1,,,0,,,0.00,1
Generic Parameter,"com.lprevidente.ddd_example.user.api.UserApiImpl.findAllById.T",0,0,0,0,0,,,,,1,1,1,0,,0,0,,,,0,0,0,,0,0,0,0,,,,,,,,,,,,,,0,1,0,0,0,,0
Public Generic Method,"com.lprevidente.ddd_example.user.api.UserApiImpl.findById",,,,,,0.00,0.00,0,0,,,,,,,,,,,,,,,,,,,3,4,0,4,2,1,0,3,1,2,1,1,1,,,0,,,0.00,1
Generic Parameter,"com.lprevidente.ddd_example.user.api.UserApiImpl.findById.T",0,0,0,0,0,,,,,1,0,0,0,,0,0,,,,0,0,0,,0,0,0,0,,,,,,,,,,,,,,0,1,0,0,0,,0
Public Interface,"com.lprevidente.ddd_example.user.api.UserIdDto",0,0,0,0,0,,,,,0,1,1,1,,0,0,,,,1,0,1,1,1,0,0,0,,4,1,3,2,0,0,,1,2,2,0,,0,0,0,0,0,0.00,0
Abstract Method,"com.lprevidente.ddd_example.user.api.UserIdDto.getId",,,,,,0.00,0.00,0,0,,,,,,,,,,,,,,,,,,,0,1,0,1,1,0,0,1,1,1,1,0,0,,,0,,,0.00,0
Package,"com.lprevidente.ddd_example.user.application",3,0,3,0,1,,,,,,,,,1,0,0,,1,,2,1,2,,0,0,0,2,,25,4,21,14,4,0,,11,14,12,2,,1,,0,,,0.00,3
Public Class,"com.lprevidente.ddd_example.user.application.UserQueryService",4,0,4,0,1,,,,,1,7,7,0,,0,0,,,,2,1,2,2,0,0,0,2,,15,2,13,6,4,0,,3,6,4,2,,1,1,0,0,0,0.00,3
Public Method,"com.lprevidente.ddd_example.user.application.UserQueryService.findAll",,,,,,0.00,0.00,0,0,,,,,,,,,,,,,,,,,,,3,3,0,3,1,1,0,2,1,2,1,1,1,,,0,,,0.00,1
Public Method,"com.lprevidente.ddd_example.user.application.UserQueryService.getUserById",,,,,,0.00,0.00,0,0,,,,,,,,,,,,,,,,,,,5,5,0,5,1,3,0,3,1,2,1,1,1,,,0,,,0.00,2
Lambda Method,"com.lprevidente.ddd_example.user.application.UserQueryService.getUserById.(lambda_expr_1)",,,,,,0.00,0.00,0,0,,,,,,,,,,,,,,,,,,,1,1,0,1,0,1,0,2,0,0,0,0,1,,,0,,,0.00,1
Package,"com.lprevidente.ddd_example.user.application.command",0,0,0,0,1,,,,,,,,,3,0,0,,3,,3,8,3,,0,0,0,3,,31,6,25,25,0,2,,13,16,16,0,,1,,0,,,0.08,3
Public Record,"com.lprevidente.ddd_example.user.application.command.AddUser",0,0,0,0,1,,,,,2,4,4,0,,0,0,,,,1,4,1,5,0,0,0,1,,6,0,6,6,0,0,,0,1,1,0,,1,1,0,100,100,0.00,1
Public Constructor,"com.lprevidente.ddd_example.user.application.command.AddUser",,,,,,0.00,0.00,0,0,,,,,,,,,,,,,,,,,,,7,0,0,0,0,0,0,1,0,0,0,0,1,,,0,,,0.00,1
Public Record,"com.lprevidente.ddd_example.user.application.command.DeleteUser",0,0,0,0,1,,,,,2,4,4,0,,0,0,,,,1,1,1,2,0,0,0,1,,1,0,1,1,0,0,,0,1,1,0,,1,1,0,100,100,0.00,1
Public Constructor,"com.lprevidente.ddd_example.user.application.command.DeleteUser",,,,,,0.00,0.00,0,0,,,,,,,,,,,,,,,,,,,1,0,0,0,0,0,0,1,0,0,0,0,1,,,0,,,0.00,1
Public Record,"com.lprevidente.ddd_example.user.application.command.UpdateUser",0,0,0,0,1,,,,,2,6,6,0,,0,0,,,,1,3,1,4,0,0,0,1,,5,0,5,5,0,1,,0,1,1,0,,1,1,0,100,100,0.20,1
Public Constructor,"com.lprevidente.ddd_example.user.application.command.UpdateUser",,,,,,0.00,0.00,0,0,,,,,,,,,,,,,,,,,,,4,0,0,0,0,0,0,1,0,0,0,0,1,,,0,,,0.00,1
Package,"com.lprevidente.ddd_example.user.application.dto",0,0,0,0,0,,,,,,,,,1,0,0,,1,,3,0,3,,3,0,0,0,,11,4,7,6,0,0,,5,6,6,0,,0,,0,,,0.00,0
Public Interface,"com.lprevidente.ddd_example.user.application.dto.UserInfoDto",0,0,0,0,0,,,,,0,2,2,0,,0,0,,,,3,0,3,3,3,0,0,0,,7,2,5,4,0,0,,3,4,4,0,,0,0,0,0,0,0.00,0
Abstract Method,"com.lprevidente.ddd_example.user.application.dto.UserInfoDto.getFirstName",,,,,,0.00,0.00,0,0,,,,,,,,,,,,,,,,,,,0,1,0,1,1,0,0,1,1,1,1,0,0,,,0,,,0.00,0
Abstract Method,"com.lprevidente.ddd_example.user.application.dto.UserInfoDto.getId",,,,,,0.00,0.00,0,0,,,,,,,,,,,,,,,,,,,0,1,0,1,1,0,0,1,1,1,1,0,0,,,0,,,0.00,0
Abstract Method,"com.lprevidente.ddd_example.user.application.dto.UserInfoDto.getLastName",,,,,,0.00,0.00,0,0,,,,,,,,,,,,,,,,,,,0,1,0,1,1,0,0,1,1,1,1,0,0,,,0,,,0.00,0
Package,"com.lprevidente.ddd_example.user.application.handler",8,1,6,1,1,,,,,,,,,3,0,0,,3,,3,3,3,,0,0,0,3,,85,16,66,47,17,6,,37,44,36,13,,2,,1,,,0.09,6
Class,"com.lprevidente.ddd_example.user.application.handler.AddUserHandler",18,4,11,4,2,,,,,2,10,10,0,,0,0,,,,1,1,1,1,0,0,0,1,,25,6,16,9,7,4,,7,10,6,7,,2,1,1,0,0,0.25,2
Public Method,"com.lprevidente.ddd_example.user.application.handler.AddUserHandler.handle",,,,,,0.00,0.00,0,0,,,,,,,,,,,,,,,,,,,2,18,4,11,5,7,4,12,6,8,4,7,2,,,1,,,0.36,2
Class,"com.lprevidente.ddd_example.user.application.handler.DeleteUserHandler",9,0,9,1,1,,,,,2,7,7,0,,0,0,,,,1,1,1,1,0,0,0,1,,16,2,14,8,5,1,,4,6,4,3,,1,1,0,0,0,0.07,2
Public Method,"com.lprevidente.ddd_example.user.application.handler.DeleteUserHandler.handle",,,,,,0.00,0.00,0,0,,,,,,,,,,,,,,,,,,,3,9,0,9,4,5,1,5,3,4,2,3,1,,,0,,,0.11,2
Lambda Method,"com.lprevidente.ddd_example.user.application.handler.DeleteUserHandler.handle.(lambda_expr_1)",,,,,,0.00,0.00,0,0,,,,,,,,,,,,,,,,,,,1,1,0,1,0,1,0,3,0,0,0,0,1,,,0,,,0.00,1
Class,"com.lprevidente.ddd_example.user.application.handler.UpdateUserHandler",9,0,9,1,1,,,,,2,7,7,0,,0,0,,,,1,1,1,1,0,0,0,1,,16,2,14,8,5,1,,4,6,4,3,,1,1,0,0,0,0.07,2
Public Method,"com.lprevidente.ddd_example.user.application.handler.UpdateUserHandler.handle",,,,,,0.00,0.00,0,0,,,,,,,,,,,,,,,,,,,3,9,0,9,4,5,1,7,3,4,2,3,1,,,0,,,0.11,2
Lambda Method,"com.lprevidente.ddd_example.user.application.handler.UpdateUserHandler.handle.(lambda_expr_1)",,,,,,0.00,0.00,0,0,,,,,,,,,,,,,,,,,,,1,1,0,1,0,1,0,3,0,0,0,0,1,,,0,,,0.00,1
Package,"com.lprevidente.ddd_example.user.domain",4,0,4,0,1,,,,,,,,,5,5,5,,5,,18,8,23,,5,5,1,12,,208,45,141,87,43,27,,73,97,66,36,,1,,0,,,0.19,19
Public Record,"com.lprevidente.ddd_example.user.domain.Email",4,0,4,0,1,,,,,1,3,3,0,,0,0,,,,2,1,2,3,0,0,0,2,,12,2,10,4,3,0,,3,6,3,3,,1,1,0,50,50,0.00,2
Public Constructor,"com.lprevidente.ddd_example.user.domain.Email.Email",,,,,,0.00,0.00,0,0,,,,,,,,,,,,,,,,,,,2,4,0,4,1,2,0,4,2,3,1,2,1,,,0,,,0.00,1
Public Method,"com.lprevidente.ddd_example.user.domain.Email.toString",,,,,,0.00,0.00,0,0,,,,,,,,,,,,,,,,,,,1,4,0,4,2,1,0,1,1,2,1,1,1,,,0,,,0.00,1
Public Final Class,"com.lprevidente.ddd_example.user.domain.Password",4,0,4,0,1,,,,,1,7,7,0,,4,5,,,,5,1,9,9,1,3,1,4,,68,12,43,19,24,16,,19,29,16,17,,1,1,0,67,44,0.37,9
Protected Constructor,"com.lprevidente.ddd_example.user.domain.Password.Password",,,,,,0.00,0.00,0,0,,,,,,,,,,,,,,,,,,,0,2,0,1,1,0,1,1,0,1,1,0,1,,,0,,,1.00,1
Private Constructor,"com.lprevidente.ddd_example.user.domain.Password.Password",,,,,,0.00,0.00,0,0,,,,,,,,,,,,,,,,,,,3,4,0,4,1,2,0,3,2,3,1,2,1,,,0,,,0.00,1
Public Static Method,"com.lprevidente.ddd_example.user.domain.Password.create",,,,,,0.00,0.00,0,0,,,,,,,,,,,,,,,,,,,2,4,0,4,1,2,0,4,2,3,1,2,1,,,0,,,0.00,1
Public Static Method,"com.lprevidente.ddd_example.user.domain.Password.fromHashed",,,,,,0.00,0.00,0,0,,,,,,,,,,,,,,,,,,,1,3,0,3,1,1,0,2,1,2,1,1,1,,,0,,,0.00,1
Private Static Method,"com.lprevidente.ddd_example.user.domain.Password.hash",,,,,,0.00,0.00,0,0,,,,,,,,,,,,,,,,,,,2,3,0,3,1,1,0,3,1,2,1,1,1,,,0,,,0.00,1
Public Method,"com.lprevidente.ddd_example.user.domain.Password.matches",,,,,,0.00,0.00,0,0,,,,,,,,,,,,,,,,,,,2,4,0,4,1,2,0,3,2,3,1,2,1,,,0,,,0.00,1
Public Method,"com.lprevidente.ddd_example.user.domain.Password.toString",,,,,,0.00,0.00,0,0,,,,,,,,,,,,,,,,,,,0,1,0,1,1,1,0,1,1,2,1,1,1,,,0,,,0.00,1
Private Static Method,"com.lprevidente.ddd_example.user.domain.Password.validateStrength",,,,,,0.00,0.00,0,0,,,,,,,,,,,,,,,,,,,7,12,1,11,1,9,0,6,3,4,1,3,1,,,0,,,0.00,1
Method,"com.lprevidente.ddd_example.user.domain.Password.value",,,,,,0.00,0.00,0,0,,,,,,,,,,,,,,,,,,,1,1,0,1,1,1,1,1,1,2,1,1,1,,,0,,,1.00,1
Public Class,"com.lprevidente.ddd_example.user.domain.User",5,1,4,0,1,,,,,1,15,15,0,,1,0,,,,5,5,6,6,0,2,0,4,,69,15,45,27,14,11,,18,25,12,14,,1,1,0,80,53,0.24,6
Private Constructor,"com.lprevidente.ddd_example.user.domain.User.User",,,,,,0.00,0.00,0,0,,,,,,,,,,,,,,,,,,,5,11,3,8,2,5,0,5,5,6,1,5,1,,,0,,,0.00,1
Public Static Method,"com.lprevidente.ddd_example.user.domain.User.create",,,,,,0.00,0.00,0,0,,,,,,,,,,,,,,,,,,,5,4,0,4,2,1,0,2,1,2,1,1,1,,,0,,,0.00,1
Public Method,"com.lprevidente.ddd_example.user.domain.User.equals",,,,,,0.00,0.00,0,0,,,,,,,,,,,,,,,,,,,2,3,0,3,1,1,0,2,1,2,1,1,1,,,0,,,0.00,1
Public Method,"com.lprevidente.ddd_example.user.domain.User.hashCode",,,,,,0.00,0.00,0,0,,,,,,,,,,,,,,,,,,,1,1,0,1,1,1,0,2,1,2,1,1,1,,,0,,,0.00,1
Private Method,"com.lprevidente.ddd_example.user.domain.User.setNames",,,,,,0.00,0.00,0,0,,,,,,,,,,,,,,,,,,,4,6,0,6,1,4,0,4,4,5,1,4,1,,,0,,,0.00,1
Public Method,"com.lprevidente.ddd_example.user.domain.User.updateDetails",,,,,,0.00,0.00,0,0,,,,,,,,,,,,,,,,,,,2,3,0,3,1,1,0,1,1,2,1,1,1,,,0,,,0.00,1
Public Record,"com.lprevidente.ddd_example.user.domain.UserId",3,0,3,0,1,,,,,3,4,4,0,,0,0,,,,2,1,2,3,0,0,0,2,,10,2,8,3,2,0,,2,5,3,2,,1,1,0,100,100,0.00,2
Public Constructor,"com.lprevidente.ddd_example.user.domain.UserId.UserId",,,,,,0.00,0.00,0,0,,,,,,,,,,,,,,,,,,,4,3,0,3,1,1,0,2,1,2,1,1,1,,,0,,,0.00,1
Public Constructor,"com.lprevidente.ddd_example.user.domain.UserId.UserId",,,,,,0.00,0.00,0,0,,,,,,,,,,,,,,,,,,,0,3,0,3,1,1,0,3,1,2,1,1,1,,,0,,,0.00,1
Public Interface,"com.lprevidente.ddd_example.user.domain.Users",0,0,0,0,0,,,,,1,7,7,0,,0,0,,,,4,0,4,4,4,0,0,0,,12,4,8,7,0,0,,4,5,5,0,,0,2,0,0,0,0.00,0
Abstract Method,"com.lprevidente.ddd_example.user.domain.Users.existsByEmail",,,,,,0.00,0.00,0,0,,,,,,,,,,,,,,,,,,,1,1,0,1,1,0,0,1,1,1,1,0,0,,,0,,,0.00,0
Abstract Generic Method,"com.lprevidente.ddd_example.user.domain.Users.findAllBy",,,,,,0.00,0.00,0,0,,,,,,,,,,,,,,,,,,,1,1,0,1,1,0,0,1,1,1,1,0,0,,,0,,,0.00,0
Generic Parameter,"com.lprevidente.ddd_example.user.domain.Users.findAllBy.T",0,0,0,0,0,,,,,1,0,0,0,,0,0,,,,0,0,0,,0,0,0,0,,,,,,,,,,,,,,0,1,0,0,0,,0
Abstract Generic Method,"com.lprevidente.ddd_example.user.domain.Users.findAllByIdIn",,,,,,0.00,0.00,0,0,,,,,,,,,,,,,,,,,,,1,1,0,1,1,0,0,1,1,1,1,0,0,,,0,,,0.00,0
Generic Parameter,"com.lprevidente.ddd_example.user.domain.Users.findAllByIdIn.T",0,0,0,0,0,,,,,1,0,0,0,,0,0,,,,0,0,0,,0,0,0,0,,,,,,,,,,,,,,0,1,0,0,0,,0
Abstract Generic Method,"com.lprevidente.ddd_example.user.domain.Users.findById",,,,,,0.00,0.00,0,0,,,,,,,,,,,,,,,,,,,4,1,0,1,1,0,0,1,1,1,1,0,0,,,0,,,0.00,0
Generic Parameter,"com.lprevidente.ddd_example.user.domain.Users.findById.T",0,0,0,0,0,,,,,1,0,0,0,,0,0,,,,0,0,0,,0,0,0,0,,,,,,,,,,,,,,0,1,0,0,0,,0
Package,"com.lprevidente.ddd_example.user.domain.exception",6,0,6,0,1,,,,,,,,,2,0,0,,2,,3,0,3,,0,0,0,3,,40,7,29,13,11,4,,11,16,13,3,,1,,0,,,0.14,3
Public Class,"com.lprevidente.ddd_example.user.domain.exception.EmailAlreadyInUseException",5,0,5,0,1,,,,,1,3,3,0,,0,0,,,,2,0,2,7,0,0,0,2,,17,2,12,3,6,3,,2,5,3,2,,1,3,0,0,0,0.25,2
Public Constructor,"com.lprevidente.ddd_example.user.domain.exception.EmailAlreadyInUseException.EmailAlreadyInUseException",,,,,,0.00,0.00,0,0,,,,,,,,,,,,,,,,,,,3,7,0,7,1,5,0,3,1,2,1,1,1,,,0,,,0.00,1
Public Constructor,"com.lprevidente.ddd_example.user.domain.exception.EmailAlreadyInUseException.EmailAlreadyInUseException",,,,,,0.00,0.00,0,0,,,,,,,,,,,,,,,,,,,3,3,0,3,1,1,0,2,1,2,1,1,1,,,0,,,0.00,1
Public Class,"com.lprevidente.ddd_example.user.domain.exception.UserNotFoundException",7,0,7,0,1,,,,,1,2,2,0,,0,0,,,,1,0,1,6,0,0,0,1,,11,1,9,2,5,1,,1,3,2,1,,1,3,0,0,0,0.11,1
Public Constructor,"com.lprevidente.ddd_example.user.domain.exception.UserNotFoundException.UserNotFoundException",,,,,,0.00,0.00,0,0,,,,,,,,,,,,,,,,,,,5,7,0,7,1,5,0,4,1,2,1,1,1,,,0,,,0.00,1
Package,"com.lprevidente.ddd_example.user.infrastructure",0,0,0,0,0,,,,,,,,,0,0,0,,0,,0,0,0,,0,0,0,0,,0,0,0,0,0,0,,0,0,0,0,,0,,0,,,0.00,0
Package,"com.lprevidente.ddd_example.user.infrastructure.rest",5,0,5,0,1,,,,,,,,,1,0,0,,1,,5,2,5,,0,0,0,5,,50,7,43,32,5,0,,20,26,21,5,,1,,0,,,0.00,5
Class,"com.lprevidente.ddd_example.user.infrastructure.rest.UserController",5,0,5,0,1,,,,,1,20,20,0,,0,0,,,,5,2,5,5,0,0,0,5,,35,5,30,19,5,0,,7,13,8,5,,1,1,0,50,50,0.00,5
Public Method,"com.lprevidente.ddd_example.user.infrastructure.rest.UserController.createUser",,,,,,0.00,0.00,0,0,,,,,,,,,,,,,,,,,,,2,5,0,5,3,1,0,2,1,2,1,1,1,,,0,,,0.00,1
Public Method,"com.lprevidente.ddd_example.user.infrastructure.rest.UserController.deleteUser",,,,,,0.00,0.00,0,0,,,,,,,,,,,,,,,,,,,2,5,0,5,3,1,0,2,1,2,1,1,1,,,0,,,0.00,1
Public Method,"com.lprevidente.ddd_example.user.infrastructure.rest.UserController.getUser",,,,,,0.00,0.00,0,0,,,,,,,,,,,,,,,,,,,2,4,0,4,2,1,0,2,1,2,1,1,1,,,0,,,0.00,1
Public Method,"com.lprevidente.ddd_example.user.infrastructure.rest.UserController.getUsers",,,,,,0.00,0.00,0,0,,,,,,,,,,,,,,,,,,,1,4,0,4,2,1,0,2,1,2,1,1,1,,,0,,,0.00,1
Public Method,"com.lprevidente.ddd_example.user.infrastructure.rest.UserController.updateUser",,,,,,0.00,0.00,0,0,,,,,,,,,,,,,,,,,,,2,5,0,5,3,1,0,1,1,2,1,1,1,,,0,,,0.00,1
Unknown Method,"compile",,,,,,0.00,0.00,0,0,,,,,,,,,,,,,,,,,,,,,,,,,,,,,,,,,,,,,,
Unknown Method,"contains",,,,,,0.00,0.00,0,0,,,,,,,,,,,,,,,,,,,,,,,,,,,,,,,,,,,,,,
Unknown Method,"containsKey",,,,,,0.00,0.00,0,0,,,,,,,,,,,,,,,,,,,,,,,,,,,,,,,,,,,,,,
Unknown Method,"content",,,,,,0.00,0.00,0,0,,,,,,,,,,,,,,,,,,,,,,,,,,,,,,,,,,,,,,
Unknown Method,"contentType",,,,,,0.00,0.00,0,0,,,,,,,,,,,,,,,,,,,,,,,,,,,,,,,,,,,,,,
Unknown Method,"csrf",,,,,,0.00,0.00,0,0,,,,,,,,,,,,,,,,,,,,,,,,,,,,,,,,,,,,,,
Unknown Method,"delete",,,,,,0.00,0.00,0,0,,,,,,,,,,,,,,,,,,,,,,,,,,,,,,,,,,,,,,
Unknown Method,"disable",,,,,,0.00,0.00,0,0,,,,,,,,,,,,,,,,,,,,,,,,,,,,,,,,,,,,,,
Unknown Method,"domainEvents",,,,,,0.00,0.00,0,0,,,,,,,,,,,,,,,,,,,,,,,,,,,,,,,,,,,,,,
Unknown Method,"equalTo",,,,,,0.00,0.00,0,0,,,,,,,,,,,,,,,,,,,,,,,,,,,,,,,,,,,,,,
Unknown Method,"equals",,,,,,0.00,0.00,0,0,,,,,,,,,,,,,,,,,,,,,,,,,,,,,,,,,,,,,,
Unknown Method,"exclude",,,,,,0.00,0.00,0,0,,,,,,,,,,,,,,,,,,,,,,,,,,,,,,,,,,,,,,
Unknown Method,"executionPhase",,,,,,0.00,0.00,0,0,,,,,,,,,,,,,,,,,,,,,,,,,,,,,,,,,,,,,,
Unknown Method,"existsById",,,,,,0.00,0.00,0,0,,,,,,,,,,,,,,,,,,,,,,,,,,,,,,,,,,,,,,
Unknown Method,"find",,,,,,0.00,0.00,0,0,,,,,,,,,,,,,,,,,,,,,,,,,,,,,,,,,,,,,,
Unknown Method,"findById",,,,,,0.00,0.00,0,0,,,,,,,,,,,,,,,,,,,,,,,,,,,,,,,,,,,,,,
Unknown Method,"forEach",,,,,,0.00,0.00,0,0,,,,,,,,,,,,,,,,,,,,,,,,,,,,,,,,,,,,,,
Unknown Method,"forStatusAndDetail",,,,,,0.00,0.00,0,0,,,,,,,,,,,,,,,,,,,,,,,,,,,,,,,,,,,,,,
Unknown Method,"format",,,,,,0.00,0.00,0,0,,,,,,,,,,,,,,,,,,,,,,,,,,,,,,,,,,,,,,
Unknown Method,"formatted",,,,,,0.00,0.00,0,0,,,,,,,,,,,,,,,,,,,,,,,,,,,,,,,,,,,,,,
Unknown Method,"frameOptions",,,,,,0.00,0.00,0,0,,,,,,,,,,,,,,,,,,,,,,,,,,,,,,,,,,,,,,
Unknown Method,"fromString",,,,,,0.00,0.00,0,0,,,,,,,,,,,,,,,,,,,,,,,,,,,,,,,,,,,,,,
Unknown Method,"gensalt",,,,,,0.00,0.00,0,0,,,,,,,,,,,,,,,,,,,,,,,,,,,,,,,,,,,,,,
Unknown Method,"get",,,,,,0.00,0.00,0,0,,,,,,,,,,,,,,,,,,,,,,,,,,,,,,,,,,,,,,
Unknown Method,"getActualTypeArguments",,,,,,0.00,0.00,0,0,,,,,,,,,,,,,,,,,,,,,,,,,,,,,,,,,,,,,,
Unknown Method,"getBindingResult",,,,,,0.00,0.00,0,0,,,,,,,,,,,,,,,,,,,,,,,,,,,,,,,,,,,,,,
Unknown Method,"getClass",,,,,,0.00,0.00,0,0,,,,,,,,,,,,,,,,,,,,,,,,,,,,,,,,,,,,,,
Unknown Method,"getConstraintViolations",,,,,,0.00,0.00,0,0,,,,,,,,,,,,,,,,,,,,,,,,,,,,,,,,,,,,,,
Unknown Method,"getConstructor",,,,,,0.00,0.00,0,0,,,,,,,,,,,,,,,,,,,,,,,,,,,,,,,,,,,,,,
Unknown Method,"getContextualType",,,,,,0.00,0.00,0,0,,,,,,,,,,,,,,,,,,,,,,,,,,,,,,,,,,,,,,
Unknown Method,"getCreatedAt",,,,,,0.00,0.00,0,0,,,,,,,,,,,,,,,,,,,,,,,,,,,,,,,,,,,,,,
Unknown Method,"getDeclaredField",,,,,,0.00,0.00,0,0,,,,,,,,,,,,,,,,,,,,,,,,,,,,,,,,,,,,,,
Unknown Method,"getDefaultMessage",,,,,,0.00,0.00,0,0,,,,,,,,,,,,,,,,,,,,,,,,,,,,,,,,,,,,,,
Unknown Method,"getField",,,,,,0.00,0.00,0,0,,,,,,,,,,,,,,,,,,,,,,,,,,,,,,,,,,,,,,
Unknown Method,"getFieldErrors",,,,,,0.00,0.00,0,0,,,,,,,,,,,,,,,,,,,,,,,,,,,,,,,,,,,,,,
Unknown Method,"getGenericInterfaces",,,,,,0.00,0.00,0,0,,,,,,,,,,,,,,,,,,,,,,,,,,,,,,,,,,,,,,
Unknown Method,"getGenericSuperclass",,,,,,0.00,0.00,0,0,,,,,,,,,,,,,,,,,,,,,,,,,,,,,,,,,,,,,,
Unknown Method,"getId",,,,,,0.00,0.00,0,0,,,,,,,,,,,,,,,,,,,,,,,,,,,,,,,,,,,,,,
Unknown Method,"getMessage",,,,,,0.00,0.00,0,0,,,,,,,,,,,,,,,,,,,,,,,,,,,,,,,,,,,,,,
Unknown Method,"getName",,,,,,0.00,0.00,0,0,,,,,,,,,,,,,,,,,,,,,,,,,,,,,,,,,,,,,,
Unknown Method,"getPropertyPath",,,,,,0.00,0.00,0,0,,,,,,,,,,,,,,,,,,,,,,,,,,,,,,,,,,,,,,
Unknown Method,"getRawClass",,,,,,0.00,0.00,0,0,,,,,,,,,,,,,,,,,,,,,,,,,,,,,,,,,,,,,,
Unknown Method,"getRequiredType",,,,,,0.00,0.00,0,0,,,,,,,,,,,,,,,,,,,,,,,,,,,,,,,,,,,,,,
Unknown Method,"getSimpleName",,,,,,0.00,0.00,0,0,,,,,,,,,,,,,,,,,,,,,,,,,,,,,,,,,,,,,,
Unknown Method,"getTeamId",,,,,,0.00,0.00,0,0,,,,,,,,,,,,,,,,,,,,,,,,,,,,,,,,,,,,,,
Unknown Method,"getUserId",,,,,,0.00,0.00,0,0,,,,,,,,,,,,,,,,,,,,,,,,,,,,,,,,,,,,,,
Unknown Method,"getValue",,,,,,0.00,0.00,0,0,,,,,,,,,,,,,,,,,,,,,,,,,,,,,,,,,,,,,,
Unknown Method,"getValueAsString",,,,,,0.00,0.00,0,0,,,,,,,,,,,,,,,,,,,,,,,,,,,,,,,,,,,,,,
Unknown Method,"greaterThanOrEqualTo",,,,,,0.00,0.00,0,0,,,,,,,,,,,,,,,,,,,,,,,,,,,,,,,,,,,,,,
Unknown Method,"handle",,,,,,0.00,0.00,0,0,,,,,,,,,,,,,,,,,,,,,,,,,,,,,,,,,,,,,,
Unknown Method,"hasItem",,,,,,0.00,0.00,0,0,,,,,,,,,,,,,,,,,,,,,,,,,,,,,,,,,,,,,,
Unknown Method,"hasItems",,,,,,0.00,0.00,0,0,,,,,,,,,,,,,,,,,,,,,,,,,,,,,,,,,,,,,,
Unknown Method,"hasMessageContaining",,,,,,0.00,0.00,0,0,,,,,,,,,,,,,,,,,,,,,,,,,,,,,,,,,,,,,,
Unknown Method,"hasSize",,,,,,0.00,0.00,0,0,,,,,,,,,,,,,,,,,,,,,,,,,,,,,,,,,,,,,,
Unknown Method,"hasText",,,,,,0.00,0.00,0,0,,,,,,,,,,,,,,,,,,,,,,,,,,,,,,,,,,,,,,
Unknown Method,"hash",,,,,,0.00,0.00,0,0,,,,,,,,,,,,,,,,,,,,,,,,,,,,,,,,,,,,,,
Unknown Method,"hashCode",,,,,,0.00,0.00,0,0,,,,,,,,,,,,,,,,,,,,,,,,,,,,,,,,,,,,,,
Unknown Method,"hashpw",,,,,,0.00,0.00,0,0,,,,,,,,,,,,,,,,,,,,,,,,,,,,,,,,,,,,,,
Unknown Method,"headers",,,,,,0.00,0.00,0,0,,,,,,,,,,,,,,,,,,,,,,,,,,,,,,,,,,,,,,
Unknown Method,"id",,,,,,0.00,0.00,0,0,,,,,,,,,,,,,,,,,,,,,,,,,,,,,,,,,,,,,,
Unknown Method,"identity",,,,,,0.00,0.00,0,0,,,,,,,,,,,,,,,,,,,,,,,,,,,,,,,,,,,,,,
Unknown Method,"is",,,,,,0.00,0.00,0,0,,,,,,,,,,,,,,,,,,,,,,,,,,,,,,,,,,,,,,
Unknown Method,"isBadRequest",,,,,,0.00,0.00,0,0,,,,,,,,,,,,,,,,,,,,,,,,,,,,,,,,,,,,,,
Unknown Method,"isConflict",,,,,,0.00,0.00,0,0,,,,,,,,,,,,,,,,,,,,,,,,,,,,,,,,,,,,,,
Unknown Method,"isCreated",,,,,,0.00,0.00,0,0,,,,,,,,,,,,,,,,,,,,,,,,,,,,,,,,,,,,,,
Unknown Method,"isEmpty",,,,,,0.00,0.00,0,0,,,,,,,,,,,,,,,,,,,,,,,,,,,,,,,,,,,,,,
Unknown Method,"isEqualTo",,,,,,0.00,0.00,0,0,,,,,,,,,,,,,,,,,,,,,,,,,,,,,,,,,,,,,,
Unknown Method,"isInstanceOf",,,,,,0.00,0.00,0,0,,,,,,,,,,,,,,,,,,,,,,,,,,,,,,,,,,,,,,
Unknown Method,"isNoContent",,,,,,0.00,0.00,0,0,,,,,,,,,,,,,,,,,,,,,,,,,,,,,,,,,,,,,,
Unknown Method,"isNotEqualTo",,,,,,0.00,0.00,0,0,,,,,,,,,,,,,,,,,,,,,,,,,,,,,,,,,,,,,,
Unknown Method,"isNotFound",,,,,,0.00,0.00,0,0,,,,,,,,,,,,,,,,,,,,,,,,,,,,,,,,,,,,,,
Unknown Method,"isOk",,,,,,0.00,0.00,0,0,,,,,,,,,,,,,,,,,,,,,,,,,,,,,,,,,,,,,,
Unknown Method,"isTrue",,,,,,0.00,0.00,0,0,,,,,,,,,,,,,,,,,,,,,,,,,,,,,,,,,,,,,,
Unknown Annotation,"jakarta.persistence.AttributeOverride",,,,,,,,,,,,,,,,,,,,,,,,,,,,,,,,,,,,,,,,,,,,,,0.00,
Unknown Annotation,"jakarta.persistence.Column",,,,,,,,,,,,,,,,,,,,,,,,,,,,,,,,,,,,,,,,,,,,,,0.00,
Unknown Annotation,"jakarta.persistence.Embeddable",,,,,,,,,,,,,,,,,,,,,,,,,,,,,,,,,,,,,,,,,,,,,,0.00,
Unknown Annotation,"jakarta.persistence.Embedded",,,,,,,,,,,,,,,,,,,,,,,,,,,,,,,,,,,,,,,,,,,,,,0.00,
Unknown Annotation,"jakarta.validation.Valid",,,,,,,,,,,,,,,,,,,,,,,,,,,,,,,,,,,,,,,,,,,,,,0.00,
Unknown Annotation,"jakarta.validation.constraints.NotBlank",,,,,,,,,,,,,,,,,,,,,,,,,,,,,,,,,,,,,,,,,,,,,,0.00,
Unknown Annotation,"jakarta.validation.constraints.NotNull",,,,,,,,,,,,,,,,,,,,,,,,,,,,,,,,,,,,,,,,,,,,,,0.00,
Unknown Method,"jsonPath",,,,,,0.00,0.00,0,0,,,,,,,,,,,,,,,,,,,,,,,,,,,,,,,,,,,,,,
Unknown Method,"lastIndexOf",,,,,,0.00,0.00,0,0,,,,,,,,,,,,,,,,,,,,,,,,,,,,,,,,,,,,,,
Unknown Method,"length",,,,,,0.00,0.00,0,0,,,,,,,,,,,,,,,,,,,,,,,,,,,,,,,,,,,,,,
Unknown Annotation,"lombok.Getter",,,,,,,,,,,,,,,,,,,,,,,,,,,,,,,,,,,,,,,,,,,,,,0.00,
Unknown Annotation,"lombok.NoArgsConstructor",,,,,,,,,,,,,,,,,,,,,,,,,,,,,,,,,,,,,,,,,,,,,,0.00,
Unknown Annotation,"lombok.RequiredArgsConstructor",,,,,,,,,,,,,,,,,,,,,,,,,,,,,,,,,,,,,,,,,,,,,,0.00,
Unknown Annotation,"lombok.SneakyThrows",,,,,,,,,,,,,,,,,,,,,,,,,,,,,,,,,,,,,,,,,,,,,,0.00,
Unknown Annotation,"lombok.extern.slf4j.Slf4j",,,,,,,,,,,,,,,,,,,,,,,,,,,,,,,,,,,,,,,,,,,,,,0.00,
Unknown Method,"map",,,,,,0.00,0.00,0,0,,,,,,,,,,,,,,,,,,,,,,,,,,,,,,,,,,,,,,
Unknown Method,"matcher",,,,,,0.00,0.00,0,0,,,,,,,,,,,,,,,,,,,,,,,,,,,,,,,,,,,,,,
Unknown Method,"matches",,,,,,0.00,0.00,0,0,,,,,,,,,,,,,,,,,,,,,,,,,,,,,,,,,,,,,,
Unknown Method,"name",,,,,,0.00,0.00,0,0,,,,,,,,,,,,,,,,,,,,,,,,,,,,,,,,,,,,,,
Unknown Method,"newInstance",,,,,,0.00,0.00,0,0,,,,,,,,,,,,,,,,,,,,,,,,,,,,,,,,,,,,,,
Unknown Method,"not",,,,,,0.00,0.00,0,0,,,,,,,,,,,,,,,,,,,,,,,,,,,,,,,,,,,,,,
Unknown Method,"notNull",,,,,,0.00,0.00,0,0,,,,,,,,,,,,,,,,,,,,,,,,,,,,,,,,,,,,,,
Unknown Method,"notNullValue",,,,,,0.00,0.00,0,0,,,,,,,,,,,,,,,,,,,,,,,,,,,,,,,,,,,,,,
Unknown Method,"now",,,,,,0.00,0.00,0,0,,,,,,,,,,,,,,,,,,,,,,,,,,,,,,,,,,,,,,
Unknown Method,"nullable",,,,,,0.00,0.00,0,0,,,,,,,,,,,,,,,,,,,,,,,,,,,,,,,,,,,,,,
Unknown Method,"of",,,,,,0.00,0.00,0,0,,,,,,,,,,,,,,,,,,,,,,,,,,,,,,,,,,,,,,
Unknown Method,"orElseThrow",,,,,,0.00,0.00,0,0,,,,,,,,,,,,,,,,,,,,,,,,,,,,,,,,,,,,,,
Unknown Annotation,"org.junit.jupiter.api.DisplayName",,,,,,,,,,,,,,,,,,,,,,,,,,,,,,,,,,,,,,,,,,,,,,0.00,
Unknown Annotation,"org.junit.jupiter.api.Nested",,,,,,,,,,,,,,,,,,,,,,,,,,,,,,,,,,,,,,,,,,,,,,0.00,
Unknown Annotation,"org.junit.jupiter.api.Test",,,,,,,,,,,,,,,,,,,,,,,,,,,,,,,,,,,,,,,,,,,,,,0.00,
Unknown Annotation,"org.springframework.beans.factory.annotation.Autowired",,,,,,,,,,,,,,,,,,,,,,,,,,,,,,,,,,,,,,,,,,,,,,0.00,
Unknown Annotation,"org.springframework.boot.autoconfigure.SpringBootApplication",,,,,,,,,,,,,,,,,,,,,,,,,,,,,,,,,,,,,,,,,,,,,,0.00,
Unknown Annotation,"org.springframework.boot.test.autoconfigure.web.servlet.AutoConfigureMockMvc",,,,,,,,,,,,,,,,,,,,,,,,,,,,,,,,,,,,,,,,,,,,,,0.00,
Unknown Annotation,"org.springframework.boot.test.context.SpringBootTest",,,,,,,,,,,,,,,,,,,,,,,,,,,,,,,,,,,,,,,,,,,,,,0.00,
Unknown Annotation,"org.springframework.context.annotation.Bean",,,,,,,,,,,,,,,,,,,,,,,,,,,,,,,,,,,,,,,,,,,,,,0.00,
Unknown Annotation,"org.springframework.context.annotation.Configuration",,,,,,,,,,,,,,,,,,,,,,,,,,,,,,,,,,,,,,,,,,,,,,0.00,
Unknown Annotation,"org.springframework.modulith.NamedInterface",,,,,,,,,,,,,,,,,,,,,,,,,,,,,,,,,,,,,,,,,,,,,,0.00,
Unknown Annotation,"org.springframework.security.config.annotation.web.configuration.EnableWebSecurity",,,,,,,,,,,,,,,,,,,,,,,,,,,,,,,,,,,,,,,,,,,,,,0.00,
Unknown Annotation,"org.springframework.stereotype.Component",,,,,,,,,,,,,,,,,,,,,,,,,,,,,,,,,,,,,,,,,,,,,,0.00,
Unknown Annotation,"org.springframework.stereotype.Repository",,,,,,,,,,,,,,,,,,,,,,,,,,,,,,,,,,,,,,,,,,,,,,0.00,
Unknown Annotation,"org.springframework.stereotype.Service",,,,,,,,,,,,,,,,,,,,,,,,,,,,,,,,,,,,,,,,,,,,,,0.00,
Unknown Annotation,"org.springframework.test.context.jdbc.Sql",,,,,,,,,,,,,,,,,,,,,,,,,,,,,,,,,,,,,,,,,,,,,,0.00,
Unknown Annotation,"org.springframework.transaction.annotation.Transactional",,,,,,,,,,,,,,,,,,,,,,,,,,,,,,,,,,,,,,,,,,,,,,0.00,
Unknown Annotation,"org.springframework.web.bind.annotation.ExceptionHandler",,,,,,,,,,,,,,,,,,,,,,,,,,,,,,,,,,,,,,,,,,,,,,0.00,
Unknown Annotation,"org.springframework.web.bind.annotation.RestControllerAdvice",,,,,,,,,,,,,,,,,,,,,,,,,,,,,,,,,,,,,,,,,,,,,,0.00,
Unknown Method,"perform",,,,,,0.00,0.00,0,0,,,,,,,,,,,,,,,,,,,,,,,,,,,,,,,,,,,,,,
Unknown Method,"permitAll",,,,,,0.00,0.00,0,0,,,,,,,,,,,,,,,,,,,,,,,,,,,,,,,,,,,,,,
Unknown Method,"post",,,,,,0.00,0.00,0,0,,,,,,,,,,,,,,,,,,,,,,,,,,,,,,,,,,,,,,
Unknown Method,"println",,,,,,0.00,0.00,0,0,,,,,,,,,,,,,,,,,,,,,,,,,,,,,,,,,,,,,,
Unknown Method,"put",,,,,,0.00,0.00,0,0,,,,,,,,,,,,,,,,,,,,,,,,,,,,,,,,,,,,,,
Unknown Method,"randomUUID",,,,,,0.00,0.00,0,0,,,,,,,,,,,,,,,,,,,,,,,,,,,,,,,,,,,,,,
Unknown Method,"readOnly",,,,,,0.00,0.00,0,0,,,,,,,,,,,,,,,,,,,,,,,,,,,,,,,,,,,,,,
Unknown Method,"registerEvent",,,,,,0.00,0.00,0,0,,,,,,,,,,,,,,,,,,,,,,,,,,,,,,,,,,,,,,
Unknown Method,"run",,,,,,0.00,0.00,0,0,,,,,,,,,,,,,,,,,,,,,,,,,,,,,,,,,,,,,,
Unknown Method,"save",,,,,,0.00,0.00,0,0,,,,,,,,,,,,,,,,,,,,,,,,,,,,,,,,,,,,,,
Unknown Method,"set",,,,,,0.00,0.00,0,0,,,,,,,,,,,,,,,,,,,,,,,,,,,,,,,,,,,,,,
Unknown Method,"setAccessible",,,,,,0.00,0.00,0,0,,,,,,,,,,,,,,,,,,,,,,,,,,,,,,,,,,,,,,
Unknown Method,"setProperty",,,,,,0.00,0.00,0,0,,,,,,,,,,,,,,,,,,,,,,,,,,,,,,,,,,,,,,
Unknown Method,"setTitle",,,,,,0.00,0.00,0,0,,,,,,,,,,,,,,,,,,,,,,,,,,,,,,,,,,,,,,
Unknown Method,"status",,,,,,0.00,0.00,0,0,,,,,,,,,,,,,,,,,,,,,,,,,,,,,,,,,,,,,,
Unknown Method,"stream",,,,,,0.00,0.00,0,0,,,,,,,,,,,,,,,,,,,,,,,,,,,,,,,,,,,,,,
Unknown Method,"substring",,,,,,0.00,0.00,0,0,,,,,,,,,,,,,,,,,,,,,,,,,,,,,,,,,,,,,,
Unknown Method,"toList",,,,,,0.00,0.00,0,0,,,,,,,,,,,,,,,,,,,,,,,,,,,,,,,,,,,,,,
Unknown Method,"toMap",,,,,,0.00,0.00,0,0,,,,,,,,,,,,,,,,,,,,,,,,,,,,,,,,,,,,,,
Unknown Method,"toSeconds",,,,,,0.00,0.00,0,0,,,,,,,,,,,,,,,,,,,,,,,,,,,,,,,,,,,,,,
Unknown Method,"toSet",,,,,,0.00,0.00,0,0,,,,,,,,,,,,,,,,,,,,,,,,,,,,,,,,,,,,,,
Unknown Method,"toString",,,,,,0.00,0.00,0,0,,,,,,,,,,,,,,,,,,,,,,,,,,,,,,,,,,,,,,
Unknown Method,"trim",,,,,,0.00,0.00,0,0,,,,,,,,,,,,,,,,,,,,,,,,,,,,,,,,,,,,,,
Unknown Method,"unique",,,,,,0.00,0.00,0,0,,,,,,,,,,,,,,,,,,,,,,,,,,,,,,,,,,,,,,
Unknown Method,"updatable",,,,,,0.00,0.00,0,0,,,,,,,,,,,,,,,,,,,,,,,,,,,,,,,,,,,,,,
Unknown Method,"updateDetails",,,,,,0.00,0.00,0,0,,,,,,,,,,,,,,,,,,,,,,,,,,,,,,,,,,,,,,
Unknown Method,"using",,,,,,0.00,0.00,0,0,,,,,,,,,,,,,,,,,,,,,,,,,,,,,,,,,,,,,,
Unknown Method,"value",,,,,,0.00,0.00,0,0,,,,,,,,,,,,,,,,,,,,,,,,,,,,,,,,,,,,,,
Unknown Method,"verify",,,,,,0.00,0.00,0,0,,,,,,,,,,,,,,,,,,,,,,,,,,,,,,,,,,,,,,
Unknown Method,"warn",,,,,,0.00,0.00,0,0,,,,,,,,,,,,,,,,,,,,,,,,,,,,,,,,,,,,,,
Unknown Method,"writeNull",,,,,,0.00,0.00,0,0,,,,,,,,,,,,,,,,,,,,,,,,,,,,,,,,,,,,,,
Unknown Method,"writeString",,,,,,0.00,0.00,0,0,,,,,,,,,,,,,,,,,,,,,,,,,,,,,,,,,,,,,,
Unknown Method,"writeValueAsString",,,,,,0.00,0.00,0,0,,,,,,,,,,,,,,,,,,,,,,,,,,,,,,,,,,,,,,
